flight_id,airline,source,destination,route,departure_time,arrival_time,departure_date,departure_hour,departure_time_band,duration_minutes,is_overnight,route_median_duration_minutes,duration_vs_route_median_minutes,is_duration_outlier,is_implausible_duration,airline_was_repaired,arrival_date_was_repaired,has_conflicting_source_record,is_anomaly,anomaly_reason
SJ010,SpiceJet,CCU,MAA,CCU - MAA,2026-04-20 23:38:41.701,2026-04-21 02:32:41.701,2026-04-20,23,Late night (21-23),174,True,165.0,9,False,False,False,False,False,False,None
AI155,Air India,BOM,CCU,BOM - CCU,2026-04-20 23:35:41.703,2026-04-21 01:23:41.703,2026-04-20,23,Late night (21-23),108,True,169.5,-62,False,False,False,False,False,False,None
UK094,Vistara,BOM,CCU,BOM - CCU,2026-04-20 23:26:41.702,2026-04-21 01:11:41.702,2026-04-20,23,Late night (21-23),105,True,169.5,-64,False,False,False,False,False,False,None
AI245,Air India,BOM,CCU,BOM - CCU,2026-04-20 23:07:41.704,2026-04-21 01:43:41.704,2026-04-20,23,Late night (21-23),156,True,169.5,-14,False,False,False,False,False,False,None
AI192,Air India,MAA,BOM,MAA - BOM,2026-04-20 23:05:41.703,2026-04-21 04:04:41.703,2026-04-20,23,Late night (21-23),299,True,173.0,126,False,False,False,False,False,False,None
SJ158,SpiceJet,DEL,HYD,DEL - HYD,2026-04-20 23:05:41.703,2026-04-21 01:24:41.703,2026-04-20,23,Late night (21-23),139,True,177.0,-38,False,False,False,False,False,False,None
6F196,IndiGo,CCU,MAA,CCU - MAA,2026-04-20 23:04:41.703,2026-04-21 00:47:41.703,2026-04-20,23,Late night (21-23),103,True,165.0,-62,False,False,False,False,False,False,None
AI080,Air India,BOM,HYD,BOM - HYD,2026-04-20 23:03:41.702,2026-04-21 00:35:41.702,2026-04-20,23,Late night (21-23),92,True,207.5,-116,False,False,False,False,False,False,None
6F025,IndiGo,BLR,BOM,BLR - BOM,2026-04-20 23:02:41.701,2026-04-20 23:57:41.701,2026-04-20,23,Late night (21-23),55,False,140.5,-86,False,False,False,False,False,False,None
6F251,IndiGo,DEL,BLR,DEL - BLR,2026-04-20 22:56:41.703,2026-04-20 23:37:41.703,2026-04-20,22,Late night (21-23),41,False,191.0,-150,False,False,True,False,False,False,None
AI137,Air India,BOM,DEL,BOM - DEL,2026-04-20 22:49:41.702,2026-04-21 01:17:41.702,2026-04-20,22,Late night (21-23),148,True,157.0,-9,False,False,False,False,False,False,None
6F026,IndiGo,BOM,CCU,BOM - CCU,2026-04-20 22:46:42.000,2026-04-21 03:13:42.000,2026-04-20,22,Late night (21-23),267,True,169.5,98,False,False,False,False,False,False,None
UK167,Vistara,DEL,MAA,DEL - MAA,2026-04-20 22:45:41.703,2026-04-21 01:46:41.703,2026-04-20,22,Late night (21-23),181,True,184.0,-3,False,False,False,False,False,False,None
UK027,Vistara,BOM,CCU,BOM - CCU,2026-04-20 22:44:41.701,2026-04-21 01:05:41.701,2026-04-20,22,Late night (21-23),141,True,169.5,-28,False,False,False,False,False,False,None
AI069,Air India,DEL,BOM,DEL - BOM,2026-04-20 22:43:41.702,2026-04-21 02:29:41.702,2026-04-20,22,Late night (21-23),226,True,176.0,50,False,False,True,False,False,False,None
AI058,Air India,BOM,CCU,BOM - CCU,2026-04-20 22:40:41.701,2026-04-21 00:18:41.701,2026-04-20,22,Late night (21-23),98,True,169.5,-72,False,False,False,False,False,False,None
AI140,Air India,BOM,DEL,BOM - DEL,2026-04-20 22:25:41.702,2026-04-21 02:08:41.702,2026-04-20,22,Late night (21-23),223,True,157.0,66,False,False,False,False,False,False,None
SJ239,SpiceJet,BOM,CCU,BOM - CCU,2026-04-20 22:24:41.704,2026-04-21 00:10:41.704,2026-04-20,22,Late night (21-23),106,True,169.5,-64,False,False,False,False,False,False,None
6F099,IndiGo,MAA,DEL,MAA - DEL,2026-04-20 22:24:41.702,2026-04-20 22:59:41.702,2026-04-20,22,Late night (21-23),35,False,175.5,-140,False,False,False,False,False,False,None
AI048,Air India,CCU,DEL,CCU - DEL,2026-04-20 22:23:41.701,2026-04-21 02:15:41.701,2026-04-20,22,Late night (21-23),232,True,139.5,92,False,False,False,False,False,False,None
SJ112,SpiceJet,HYD,DEL,HYD - DEL,2026-04-20 22:20:41.702,2026-04-21 00:40:41.702,2026-04-20,22,Late night (21-23),140,True,196.5,-56,False,False,False,False,False,False,None
6F164,IndiGo,BLR,BOM,BLR - BOM,2026-04-20 22:18:41.703,2026-04-21 00:45:41.703,2026-04-20,22,Late night (21-23),147,True,140.5,6,False,False,False,False,False,False,None
UK021,Vistara,HYD,MAA,HYD - MAA,2026-04-20 22:00:41.701,2026-04-20 23:50:41.701,2026-04-20,22,Late night (21-23),110,False,141.0,-31,False,False,False,False,False,False,None
SJ172,SpiceJet,CCU,DEL,CCU - DEL,2026-04-20 21:58:41.703,2026-04-21 01:14:41.703,2026-04-20,21,Late night (21-23),196,True,139.5,56,False,False,False,False,False,False,None
AI060,Air India,DEL,HYD,DEL - HYD,2026-04-20 21:58:41.701,2026-04-20 23:51:41.701,2026-04-20,21,Late night (21-23),113,False,177.0,-64,False,False,False,False,False,False,None
SJ205,SpiceJet,HYD,CCU,HYD - CCU,2026-04-20 21:56:41.703,2026-04-20 23:00:41.703,2026-04-20,21,Late night (21-23),64,False,177.0,-113,False,False,False,False,False,False,None
SJ093,SpiceJet,BLR,BOM,BLR - BOM,2026-04-20 21:55:41.702,2026-04-20 23:01:41.702,2026-04-20,21,Late night (21-23),66,False,140.5,-74,False,False,False,False,False,False,None
6F195,IndiGo,CCU,DEL,CCU - DEL,2026-04-20 21:44:41.703,2026-04-20 22:39:41.703,2026-04-20,21,Late night (21-23),55,False,139.5,-84,False,False,False,False,False,False,None
UK003,Vistara,HYD,DEL,HYD - DEL,2026-04-20 21:41:41.700,2026-04-21 02:19:41.700,2026-04-20,21,Late night (21-23),278,True,196.5,82,False,False,True,False,False,False,None
UK026,Vistara,HYD,MAA,HYD - MAA,2026-04-20 21:38:41.701,2026-04-20 23:44:41.701,2026-04-20,21,Late night (21-23),126,False,141.0,-15,False,False,False,False,False,False,None
6F174,IndiGo,DEL,HYD,DEL - HYD,2026-04-20 21:36:41.703,2026-04-20 22:16:41.703,2026-04-20,21,Late night (21-23),40,False,177.0,-137,False,False,False,False,False,False,None
UK067,Vistara,BOM,CCU,BOM - CCU,2026-04-20 21:36:41.701,2026-04-21 01:02:41.701,2026-04-20,21,Late night (21-23),206,True,169.5,36,False,False,False,False,False,False,None
SJ149,SpiceJet,HYD,MAA,HYD - MAA,2026-04-20 21:20:41.702,2026-04-20 23:20:42.000,2026-04-20,21,Late night (21-23),120,False,141.0,-21,False,False,False,False,False,False,None
6F213,IndiGo,BLR,BOM,BLR - BOM,2026-04-20 21:05:41.703,2026-04-21 00:32:41.703,2026-04-20,21,Late night (21-23),207,True,140.5,66,False,False,False,False,False,False,None
UK200,Vistara,CCU,DEL,CCU - DEL,2026-04-20 20:54:41.703,2026-04-20 22:45:41.703,2026-04-20,20,Evening (17-20),111,False,139.5,-28,False,False,False,False,False,False,None
SJ214,SpiceJet,BOM,MAA,BOM - MAA,2026-04-20 20:54:41.703,2026-04-20 22:10:41.703,2026-04-20,20,Evening (17-20),76,False,180.0,-104,False,False,False,False,False,False,None
SJ047,SpiceJet,HYD,BOM,HYD - BOM,2026-04-20 20:44:41.701,2026-04-20 21:21:41.701,2026-04-20,20,Evening (17-20),37,False,150.0,-113,False,False,False,False,False,False,None
AI179,Air India,HYD,BOM,HYD - BOM,2026-04-20 20:41:41.703,2026-04-21 01:19:41.703,2026-04-20,20,Evening (17-20),278,True,150.0,128,False,False,False,False,False,False,None
SJ153,SpiceJet,DEL,CCU,DEL - CCU,2026-04-20 20:37:41.702,2026-04-20 22:00:41.702,2026-04-20,20,Evening (17-20),83,False,144.0,-61,False,False,False,False,False,False,None
6F236,IndiGo,BOM,DEL,BOM - DEL,2026-04-20 20:35:41.704,2026-04-20 23:54:41.704,2026-04-20,20,Evening (17-20),199,False,157.0,42,False,False,False,False,False,False,None
UK059,Vistara,HYD,MAA,HYD - MAA,2026-04-20 20:33:41.701,2026-04-20 22:10:41.701,2026-04-20,20,Evening (17-20),97,False,141.0,-44,False,False,False,False,False,False,None
SJ001,SpiceJet,BOM,MAA,BOM - MAA,2026-04-20 20:28:41.700,2026-04-21 01:15:41.700,2026-04-20,20,Evening (17-20),287,True,180.0,107,False,False,False,False,False,False,None
SJ049,SpiceJet,CCU,DEL,CCU - DEL,2026-04-20 20:26:41.701,2026-04-21 00:26:41.701,2026-04-20,20,Evening (17-20),240,True,139.5,100,False,False,False,False,False,False,None
6F086,IndiGo,MAA,HYD,MAA - HYD,2026-04-20 20:23:41.702,2026-04-20 21:00:41.702,2026-04-20,20,Evening (17-20),37,False,164.0,-127,False,False,False,False,False,False,None
AI220,Air India,BOM,DEL,BOM - DEL,2026-04-20 20:19:41.703,2026-04-20 21:57:41.703,2026-04-20,20,Evening (17-20),98,False,157.0,-59,False,False,False,False,False,False,None
AI188,Air India,CCU,HYD,CCU - HYD,2026-04-20 20:16:41.703,2026-04-20 23:02:41.703,2026-04-20,20,Evening (17-20),166,False,150.0,16,False,False,False,False,False,False,None
6F114,IndiGo,BOM,MAA,BOM - MAA,2026-04-20 20:10:41.702,2026-04-20 21:00:41.702,2026-04-20,20,Evening (17-20),50,False,180.0,-130,False,False,False,False,False,False,None
SJ179,SpiceJet,DEL,HYD,DEL - HYD,2026-04-20 20:09:41.703,2026-04-20 23:39:41.703,2026-04-20,20,Evening (17-20),210,False,177.0,33,False,False,False,False,False,False,None
6F190,IndiGo,DEL,MAA,DEL - MAA,2026-04-20 20:02:41.703,2026-04-21 00:36:41.703,2026-04-20,20,Evening (17-20),274,True,184.0,90,False,False,False,False,False,False,None
SJ003,SpiceJet,MAA,CCU,MAA - CCU,2026-04-20 19:50:41.701,2026-04-20 20:32:41.701,2026-04-20,19,Evening (17-20),42,False,132.5,-90,False,False,False,False,False,False,None
6F028,IndiGo,HYD,CCU,HYD - CCU,2026-04-20 19:49:41.701,2026-04-20 21:49:41.701,2026-04-20,19,Evening (17-20),120,False,177.0,-57,False,False,False,False,False,False,None
UK036,Vistara,CCU,BLR,CCU - BLR,2026-04-20 19:48:41.701,2026-04-21 00:12:41.701,2026-04-20,19,Evening (17-20),264,True,167.0,97,False,False,False,False,False,False,None
SJ160,SpiceJet,MAA,BLR,MAA - BLR,2026-04-20 19:45:41.703,2026-04-20 20:30:41.703,2026-04-20,19,Evening (17-20),45,False,177.0,-132,False,False,False,False,False,False,None
6F151,IndiGo,CCU,HYD,CCU - HYD,2026-04-20 19:44:41.703,2026-04-20 22:04:41.703,2026-04-20,19,Evening (17-20),140,False,150.0,-10,False,False,False,False,False,False,None
UK140,Vistara,MAA,BLR,MAA - BLR,2026-04-20 19:37:41.703,2026-04-20 21:00:41.703,2026-04-20,19,Evening (17-20),83,False,177.0,-94,False,False,False,False,False,False,None
AI115,Air India,MAA,BLR,MAA - BLR,2026-04-20 19:37:41.702,2026-04-21 00:26:41.702,2026-04-20,19,Evening (17-20),289,True,177.0,112,False,False,False,False,False,False,None
AI132,Air India,BLR,BOM,BLR - BOM,2026-04-20 19:32:41.702,2026-04-20 21:41:41.702,2026-04-20,19,Evening (17-20),129,False,140.5,-12,False,False,False,False,False,False,None
UK209,Vistara,MAA,BLR,MAA - BLR,2026-04-20 19:02:41.704,2026-04-20 21:47:41.704,2026-04-20,19,Evening (17-20),165,False,177.0,-12,False,False,True,False,False,False,None
SJ043,SpiceJet,MAA,DEL,MAA - DEL,2026-04-20 18:59:41.701,2026-04-20 21:08:41.701,2026-04-20,18,Evening (17-20),129,False,175.5,-46,False,False,True,False,False,False,None
UK176,Vistara,HYD,BLR,HYD - BLR,2026-04-20 18:41:41.703,2026-04-20 22:49:41.703,2026-04-20,18,Evening (17-20),248,False,136.0,112,False,False,False,False,False,False,None
UK216,Vistara,MAA,HYD,MAA - HYD,2026-04-20 18:33:41.704,2026-04-20 21:47:41.704,2026-04-20,18,Evening (17-20),194,False,164.0,30,False,False,False,False,False,False,None
UK150,Vistara,DEL,CCU,DEL - CCU,2026-04-20 18:31:41.703,2026-04-20 19:01:41.703,2026-04-20,18,Evening (17-20),30,False,144.0,-114,False,False,False,False,False,False,None
UK145,Vistara,BOM,HYD,BOM - HYD,2026-04-20 18:30:41.703,2026-04-20 20:41:41.703,2026-04-20,18,Evening (17-20),131,False,207.5,-76,False,False,False,False,False,False,None
6F270,IndiGo,HYD,MAA,HYD - MAA,2026-04-20 18:14:41.701,2026-04-20 19:02:41.701,2026-04-20,18,Evening (17-20),48,False,141.0,-93,False,False,True,False,False,False,None
6F012,IndiGo,CCU,HYD,CCU - HYD,2026-04-20 18:06:41.701,2026-04-20 21:31:41.701,2026-04-20,18,Evening (17-20),205,False,150.0,55,False,False,False,False,False,False,None
SJ236,SpiceJet,MAA,BOM,MAA - BOM,2026-04-20 18:03:41.704,2026-04-20 22:02:41.704,2026-04-20,18,Evening (17-20),239,False,173.0,66,False,False,False,False,False,False,None
6F149,IndiGo,BLR,CCU,BLR - CCU,2026-04-20 17:57:41.703,2026-04-20 20:42:41.703,2026-04-20,17,Evening (17-20),165,False,97.0,68,False,False,False,False,False,False,None
UK004,Vistara,BOM,CCU,BOM - CCU,2026-04-20 17:56:41.700,2026-04-20 18:30:41.700,2026-04-20,17,Evening (17-20),34,False,169.5,-136,False,False,False,False,False,False,None
UK010,Vistara,MAA,HYD,MAA - HYD,2026-04-20 17:53:41.701,2026-04-20 20:40:41.701,2026-04-20,17,Evening (17-20),167,False,164.0,3,False,False,False,False,False,False,None
UK215,Vistara,BOM,DEL,BOM - DEL,2026-04-20 17:38:41.704,2026-04-20 19:50:41.704,2026-04-20,17,Evening (17-20),132,False,157.0,-25,False,False,False,False,False,False,None
SJ116,SpiceJet,HYD,CCU,HYD - CCU,2026-04-20 17:33:41.702,2026-04-20 19:02:41.702,2026-04-20,17,Evening (17-20),89,False,177.0,-88,False,False,False,False,False,False,None
SJ023,SpiceJet,HYD,MAA,HYD - MAA,2026-04-20 17:27:41.701,2026-04-20 19:09:41.701,2026-04-20,17,Evening (17-20),102,False,141.0,-39,False,False,False,False,False,False,None
UK152,Vistara,BOM,CCU,BOM - CCU,2026-04-20 17:24:41.703,2026-04-20 20:13:41.703,2026-04-20,17,Evening (17-20),169,False,169.5,0,False,False,False,False,False,False,None
SJ202,SpiceJet,CCU,HYD,CCU - HYD,2026-04-20 17:21:41.703,2026-04-20 19:08:41.703,2026-04-20,17,Evening (17-20),107,False,150.0,-43,False,False,False,False,False,False,None
6F043,IndiGo,BOM,HYD,BOM - HYD,2026-04-20 17:17:41.701,2026-04-20 18:43:41.701,2026-04-20,17,Evening (17-20),86,False,207.5,-122,False,False,False,False,False,False,None
UK173,Vistara,MAA,BLR,MAA - BLR,2026-04-20 17:06:41.703,2026-04-20 21:22:41.703,2026-04-20,17,Evening (17-20),256,False,177.0,79,False,False,False,False,False,False,None
SJ081,SpiceJet,BOM,BLR,BOM - BLR,2026-04-20 17:04:41.702,2026-04-20 18:53:41.702,2026-04-20,17,Evening (17-20),109,False,170.0,-61,False,False,False,False,False,False,None
UK153,Vistara,CCU,HYD,CCU - HYD,2026-04-20 16:52:41.703,2026-04-20 20:53:41.703,2026-04-20,16,Afternoon (12-16),241,False,150.0,91,False,False,False,False,False,False,None
UK187,Vistara,BLR,BOM,BLR - BOM,2026-04-20 16:52:41.703,2026-04-20 18:42:41.703,2026-04-20,16,Afternoon (12-16),110,False,140.5,-30,False,False,False,False,False,False,None
UK055,Vistara,HYD,DEL,HYD - DEL,2026-04-20 16:48:41.701,2026-04-20 19:31:41.701,2026-04-20,16,Afternoon (12-16),163,False,196.5,-34,False,False,False,False,False,False,None
UK181,Vistara,MAA,DEL,MAA - DEL,2026-04-20 16:44:41.703,2026-04-20 19:26:41.703,2026-04-20,16,Afternoon (12-16),162,False,175.5,-14,False,False,False,False,False,False,None
UK074,Vistara,BOM,DEL,BOM - DEL,2026-04-20 16:44:41.702,2026-04-20 18:41:41.702,2026-04-20,16,Afternoon (12-16),117,False,157.0,-40,False,False,False,False,False,False,None
SJ068,SpiceJet,BLR,BOM,BLR - BOM,2026-04-20 16:44:41.701,2026-04-20 18:48:41.701,2026-04-20,16,Afternoon (12-16),124,False,140.5,-16,False,False,False,False,False,False,None
AI242,Air India,BLR,CCU,BLR - CCU,2026-04-20 16:41:41.704,2026-04-20 17:43:41.704,2026-04-20,16,Afternoon (12-16),62,False,97.0,-35,False,False,True,False,False,False,None
SJ237,SpiceJet,BOM,CCU,BOM - CCU,2026-04-20 16:32:41.704,2026-04-20 19:00:41.704,2026-04-20,16,Afternoon (12-16),148,False,169.5,-22,False,False,False,False,False,False,None
6F194,IndiGo,BOM,CCU,BOM - CCU,2026-04-20 16:29:41.703,2026-04-20 18:27:41.703,2026-04-20,16,Afternoon (12-16),118,False,169.5,-52,False,False,False,False,False,False,None
UK063,Vistara,DEL,BOM,DEL - BOM,2026-04-20 16:29:41.701,2026-04-20 17:41:41.701,2026-04-20,16,Afternoon (12-16),72,False,176.0,-104,False,False,False,False,False,False,None
UK068,Vistara,BLR,MAA,BLR - MAA,2026-04-20 16:28:41.701,2026-04-20 18:09:41.701,2026-04-20,16,Afternoon (12-16),101,False,219.0,-118,False,False,False,False,False,False,None
UK224,Vistara,CCU,MAA,CCU - MAA,2026-04-20 16:25:41.704,2026-04-20 20:24:41.704,2026-04-20,16,Afternoon (12-16),239,False,165.0,74,False,False,True,False,False,False,None
UK077,Vistara,HYD,BOM,HYD - BOM,2026-04-20 16:22:41.702,2026-04-20 18:00:41.702,2026-04-20,16,Afternoon (12-16),98,False,150.0,-52,False,False,True,False,False,False,None
UK207,Vistara,MAA,CCU,MAA - CCU,2026-04-20 16:21:41.703,2026-04-20 17:36:41.703,2026-04-20,16,Afternoon (12-16),75,False,132.5,-58,False,False,False,False,False,False,None
AI221,Air India,MAA,HYD,MAA - HYD,2026-04-20 16:18:41.703,2026-04-20 18:54:41.703,2026-04-20,16,Afternoon (12-16),156,False,164.0,-8,False,False,False,False,False,False,None
UK109,Vistara,BLR,BOM,BLR - BOM,2026-04-20 16:06:41.702,2026-04-20 17:06:42.000,2026-04-20,16,Afternoon (12-16),60,False,140.5,-80,False,False,False,False,False,False,None
UK089,Vistara,BOM,HYD,BOM - HYD,2026-04-20 15:38:41.702,2026-04-20 19:50:41.702,2026-04-20,15,Afternoon (12-16),252,False,207.5,44,False,False,False,False,False,False,None
AI072,Air India,BLR,CCU,BLR - CCU,2026-04-20 15:34:41.702,2026-04-20 16:32:41.702,2026-04-20,15,Afternoon (12-16),58,False,97.0,-39,False,False,False,False,False,False,None
UK131,Vistara,BOM,DEL,BOM - DEL,2026-04-20 15:33:41.702,2026-04-20 19:39:41.702,2026-04-20,15,Afternoon (12-16),246,False,157.0,89,False,False,False,False,False,False,None
SJ150,SpiceJet,BOM,HYD,BOM - HYD,2026-04-20 15:33:41.702,2026-04-20 19:03:41.702,2026-04-20,15,Afternoon (12-16),210,False,207.5,2,False,False,False,False,False,False,None
6F097,IndiGo,BLR,BOM,BLR - BOM,2026-04-20 15:32:41.702,2026-04-20 16:49:41.702,2026-04-20,15,Afternoon (12-16),77,False,140.5,-64,False,False,False,False,False,False,None
6F123,IndiGo,DEL,HYD,DEL - HYD,2026-04-20 15:26:41.702,2026-04-20 17:12:41.702,2026-04-20,15,Afternoon (12-16),106,False,177.0,-71,False,False,False,False,False,False,None
6F017,IndiGo,CCU,BOM,CCU - BOM,2026-04-20 15:25:41.701,2026-04-20 18:06:41.701,2026-04-20,15,Afternoon (12-16),161,False,174.0,-13,False,False,False,False,False,False,None
6F245,IndiGo,CCU,BOM,CCU - BOM,2026-04-20 15:25:41.701,2026-04-20 18:06:41.701,2026-04-20,15,Afternoon (12-16),161,False,174.0,-13,False,False,False,False,False,False,None
6F180,IndiGo,MAA,BLR,MAA - BLR,2026-04-20 15:24:41.703,2026-04-20 19:48:41.703,2026-04-20,15,Afternoon (12-16),264,False,177.0,87,False,False,False,False,False,False,None
6F152,IndiGo,CCU,DEL,CCU - DEL,2026-04-20 15:21:41.703,2026-04-20 17:25:41.703,2026-04-20,15,Afternoon (12-16),124,False,139.5,-16,False,False,False,False,False,False,None
SJ034,SpiceJet,MAA,BOM,MAA - BOM,2026-04-20 15:20:41.701,2026-04-20 20:11:41.701,2026-04-20,15,Afternoon (12-16),291,False,173.0,118,False,False,False,False,False,False,None
SJ142,SpiceJet,CCU,BOM,CCU - BOM,2026-04-20 15:14:41.702,2026-04-20 16:56:41.702,2026-04-20,15,Afternoon (12-16),102,False,174.0,-72,False,False,False,False,False,False,None
UK189,Vistara,BLR,MAA,BLR - MAA,2026-04-20 15:07:41.703,2026-04-20 18:51:41.703,2026-04-20,15,Afternoon (12-16),224,False,219.0,5,False,False,False,False,False,False,None
SJ044,SpiceJet,DEL,CCU,DEL - CCU,2026-04-20 15:06:41.701,2026-04-20 17:43:41.701,2026-04-20,15,Afternoon (12-16),157,False,144.0,13,False,False,False,False,False,False,None
SJ196,SpiceJet,DEL,HYD,DEL - HYD,2026-04-20 14:58:41.703,2026-04-20 17:44:41.703,2026-04-20,14,Afternoon (12-16),166,False,177.0,-11,False,False,False,False,False,False,None
6F188,IndiGo,DEL,HYD,DEL - HYD,2026-04-20 14:57:41.703,2026-04-20 19:39:41.703,2026-04-20,14,Afternoon (12-16),282,False,177.0,105,False,False,False,False,False,False,None
6F181,IndiGo,BOM,MAA,BOM - MAA,2026-04-20 14:55:41.703,2026-04-20 16:43:41.703,2026-04-20,14,Afternoon (12-16),108,False,180.0,-72,False,False,False,False,False,False,None
6F077,IndiGo,CCU,DEL,CCU - DEL,2026-04-20 14:55:41.702,2026-04-20 19:13:41.702,2026-04-20,14,Afternoon (12-16),258,False,139.5,118,False,False,False,False,False,False,None
SJ154,SpiceJet,BLR,HYD,BLR - HYD,2026-04-20 14:47:41.702,2026-04-20 16:26:41.702,2026-04-20,14,Afternoon (12-16),99,False,167.0,-68,False,False,False,False,False,False,None
AI025,Air India,HYD,DEL,HYD - DEL,2026-04-20 14:46:41.701,2026-04-20 17:11:41.701,2026-04-20,14,Afternoon (12-16),145,False,196.5,-52,False,False,False,False,False,False,None
AI094,Air India,DEL,BLR,DEL - BLR,2026-04-20 14:44:41.702,2026-04-20 15:44:42.000,2026-04-20,14,Afternoon (12-16),60,False,191.0,-131,False,False,False,False,False,False,None
6F191,IndiGo,BLR,DEL,BLR - DEL,2026-04-20 14:41:41.703,2026-04-20 15:11:41.703,2026-04-20,14,Afternoon (12-16),30,False,125.0,-95,False,False,False,False,False,False,None
SJ085,SpiceJet,BLR,MAA,BLR - MAA,2026-04-20 14:41:41.702,2026-04-20 19:11:41.702,2026-04-20,14,Afternoon (12-16),270,False,219.0,51,False,False,False,False,False,False,None
6F261,IndiGo,CCU,DEL,CCU - DEL,2026-04-20 14:31:41.703,2026-04-20 17:29:41.703,2026-04-20,14,Afternoon (12-16),178,False,139.5,38,False,False,True,False,False,False,None
6F129,IndiGo,DEL,CCU,DEL - CCU,2026-04-20 14:28:41.702,2026-04-20 16:47:41.702,2026-04-20,14,Afternoon (12-16),139,False,144.0,-5,False,False,False,False,False,False,None
6F254,IndiGo,MAA,BLR,MAA - BLR,2026-04-20 14:26:41.703,2026-04-20 18:01:41.703,2026-04-20,14,Afternoon (12-16),215,False,177.0,38,False,False,True,False,False,False,None
SJ185,SpiceJet,BOM,CCU,BOM - CCU,2026-04-20 14:21:41.703,2026-04-20 15:21:41.703,2026-04-20,14,Afternoon (12-16),60,False,169.5,-110,False,False,False,False,False,False,None
6F030,IndiGo,BOM,DEL,BOM - DEL,2026-04-20 14:20:41.701,2026-04-20 17:10:41.701,2026-04-20,14,Afternoon (12-16),170,False,157.0,13,False,False,False,False,False,False,None
SJ222,SpiceJet,BOM,DEL,BOM - DEL,2026-04-20 14:15:41.703,2026-04-20 17:09:41.703,2026-04-20,14,Afternoon (12-16),174,False,157.0,17,False,False,False,False,False,False,None
6F259,IndiGo,BOM,DEL,BOM - DEL,2026-04-20 14:10:41.703,2026-04-20 15:21:41.703,2026-04-20,14,Afternoon (12-16),71,False,157.0,-86,False,False,True,False,False,False,None
UK083,Vistara,DEL,HYD,DEL - HYD,2026-04-20 14:10:41.702,2026-04-20 14:59:41.702,2026-04-20,14,Afternoon (12-16),49,False,177.0,-128,False,False,False,False,False,False,None
6F051,IndiGo,BLR,BOM,BLR - BOM,2026-04-20 13:58:41.701,2026-04-20 15:58:41.701,2026-04-20,13,Afternoon (12-16),120,False,140.5,-20,False,False,False,False,False,False,None
SJ088,SpiceJet,CCU,MAA,CCU - MAA,2026-04-20 13:54:41.702,2026-04-20 14:26:41.702,2026-04-20,13,Afternoon (12-16),32,False,165.0,-133,False,False,False,False,False,False,None
6F146,IndiGo,HYD,MAA,HYD - MAA,2026-04-20 13:51:41.703,2026-04-20 15:07:41.703,2026-04-20,13,Afternoon (12-16),76,False,141.0,-65,False,False,False,False,False,False,None
6F047,IndiGo,MAA,DEL,MAA - DEL,2026-04-20 13:50:41.701,2026-04-20 15:55:41.701,2026-04-20,13,Afternoon (12-16),125,False,175.5,-50,False,False,False,False,False,False,None
AI077,Air India,CCU,HYD,CCU - HYD,2026-04-20 13:45:41.702,2026-04-20 14:51:41.702,2026-04-20,13,Afternoon (12-16),66,False,150.0,-84,False,False,False,False,False,False,None
UK134,Vistara,HYD,CCU,HYD - CCU,2026-04-20 13:44:41.702,2026-04-20 17:26:41.702,2026-04-20,13,Afternoon (12-16),222,False,177.0,45,False,False,False,False,False,False,None
AI056,Air India,DEL,MAA,DEL - MAA,2026-04-20 13:44:41.701,2026-04-20 17:39:41.701,2026-04-20,13,Afternoon (12-16),235,False,184.0,51,False,False,False,False,False,False,None
UK141,Vistara,HYD,MAA,HYD - MAA,2026-04-20 13:38:41.703,2026-04-20 15:59:41.703,2026-04-20,13,Afternoon (12-16),141,False,141.0,0,False,False,True,False,False,False,None
AI030,Air India,CCU,HYD,CCU - HYD,2026-04-20 13:33:41.701,2026-04-20 16:52:41.701,2026-04-20,13,Afternoon (12-16),199,False,150.0,49,False,False,False,False,False,False,None
AI029,Air India,MAA,DEL,MAA - DEL,2026-04-20 13:29:41.701,2026-04-20 17:53:41.701,2026-04-20,13,Afternoon (12-16),264,False,175.5,88,False,False,False,False,False,False,None
SJ167,SpiceJet,MAA,CCU,MAA - CCU,2026-04-20 13:18:41.703,2026-04-20 14:12:41.703,2026-04-20,13,Afternoon (12-16),54,False,132.5,-78,False,False,False,False,False,False,None
UK017,Vistara,BLR,HYD,BLR - HYD,2026-04-20 13:14:41.701,2026-04-20 14:49:41.701,2026-04-20,13,Afternoon (12-16),95,False,167.0,-72,False,False,False,False,False,False,None
6F229,IndiGo,MAA,DEL,MAA - DEL,2026-04-20 13:10:41.704,2026-04-20 14:30:41.704,2026-04-20,13,Afternoon (12-16),80,False,175.5,-96,False,False,False,False,False,False,None
SJ117,SpiceJet,MAA,BLR,MAA - BLR,2026-04-20 13:10:41.702,2026-04-20 17:06:41.702,2026-04-20,13,Afternoon (12-16),236,False,177.0,59,False,False,False,False,False,False,None
6F184,IndiGo,MAA,BOM,MAA - BOM,2026-04-20 13:05:41.703,2026-04-20 16:04:41.703,2026-04-20,13,Afternoon (12-16),179,False,173.0,6,False,False,False,False,False,False,None
AI031,Air India,DEL,MAA,DEL - MAA,2026-04-20 13:05:41.701,2026-04-20 16:11:41.701,2026-04-20,13,Afternoon (12-16),186,False,184.0,2,False,False,False,False,False,False,None
AI178,Air India,CCU,BLR,CCU - BLR,2026-04-20 13:04:41.703,2026-04-20 14:03:41.703,2026-04-20,13,Afternoon (12-16),59,False,167.0,-108,False,False,False,False,False,False,None
SJ089,SpiceJet,HYD,CCU,HYD - CCU,2026-04-20 12:42:41.702,2026-04-20 17:15:41.702,2026-04-20,12,Afternoon (12-16),273,False,177.0,96,False,False,False,False,False,False,None
UK166,Vistara,HYD,MAA,HYD - MAA,2026-04-20 12:39:41.703,2026-04-20 17:32:41.703,2026-04-20,12,Afternoon (12-16),293,False,141.0,152,False,False,False,False,False,False,None
UK104,Vistara,DEL,BOM,DEL - BOM,2026-04-20 12:30:41.702,2026-04-20 13:52:41.702,2026-04-20,12,Afternoon (12-16),82,False,176.0,-94,False,False,False,False,False,False,None
6F168,IndiGo,HYD,DEL,HYD - DEL,2026-04-20 12:18:41.703,2026-04-20 15:58:41.703,2026-04-20,12,Afternoon (12-16),220,False,196.5,24,False,False,False,False,False,False,None
AI222,Air India,BOM,DEL,BOM - DEL,2026-04-20 12:10:41.703,2026-04-20 13:14:41.703,2026-04-20,12,Afternoon (12-16),64,False,157.0,-93,False,False,True,False,False,False,None
SJ025,SpiceJet,BOM,CCU,BOM - CCU,2026-04-20 12:02:41.701,2026-04-20 15:29:41.701,2026-04-20,12,Afternoon (12-16),207,False,169.5,38,False,False,False,False,False,False,None
6F255,IndiGo,DEL,BOM,DEL - BOM,2026-04-20 11:59:41.703,2026-04-20 15:33:41.703,2026-04-20,11,Morning (06-11),214,False,176.0,38,False,False,True,False,False,False,None
UK228,Vistara,DEL,MAA,DEL - MAA,2026-04-20 11:58:41.704,2026-04-20 15:08:41.704,2026-04-20,11,Morning (06-11),190,False,184.0,6,False,False,False,False,False,False,None
6F158,IndiGo,CCU,MAA,CCU - MAA,2026-04-20 11:58:41.703,2026-04-20 16:04:41.703,2026-04-20,11,Morning (06-11),246,False,165.0,81,False,False,False,False,False,False,None
SJ218,SpiceJet,DEL,HYD,DEL - HYD,2026-04-20 11:58:41.703,2026-04-20 15:03:41.703,2026-04-20,11,Morning (06-11),185,False,177.0,8,False,False,False,False,False,False,None
6F034,IndiGo,BOM,DEL,BOM - DEL,2026-04-20 11:53:41.701,2026-04-20 12:49:41.701,2026-04-20,11,Morning (06-11),56,False,157.0,-101,False,False,False,False,False,False,None
UK156,Vistara,MAA,BLR,MAA - BLR,2026-04-20 11:50:41.703,2026-04-20 15:54:41.703,2026-04-20,11,Morning (06-11),244,False,177.0,67,False,False,False,False,False,False,None
6F105,IndiGo,BLR,BOM,BLR - BOM,2026-04-20 11:46:41.702,2026-04-20 12:58:41.702,2026-04-20,11,Morning (06-11),72,False,140.5,-68,False,False,False,False,False,False,None
6F073,IndiGo,DEL,CCU,DEL - CCU,2026-04-20 11:38:41.702,2026-04-20 15:18:41.702,2026-04-20,11,Morning (06-11),220,False,144.0,76,False,False,False,False,False,False,None
SJ074,SpiceJet,DEL,CCU,DEL - CCU,2026-04-20 11:21:41.701,2026-04-20 12:02:41.701,2026-04-20,11,Morning (06-11),41,False,144.0,-103,False,False,False,False,False,False,None
6F234,IndiGo,BOM,DEL,BOM - DEL,2026-04-20 11:20:41.704,2026-04-20 14:11:41.704,2026-04-20,11,Morning (06-11),171,False,157.0,14,False,False,False,False,False,False,None
6F068,IndiGo,BLR,HYD,BLR - HYD,2026-04-20 11:17:41.701,2026-04-20 15:06:41.701,2026-04-20,11,Morning (06-11),229,False,167.0,62,False,False,False,False,False,False,None
6F074,IndiGo,HYD,BOM,HYD - BOM,2026-04-20 11:09:41.702,2026-04-20 14:29:41.702,2026-04-20,11,Morning (06-11),200,False,150.0,50,False,False,False,False,False,False,None
AI038,Air India,HYD,MAA,HYD - MAA,2026-04-20 11:05:41.701,2026-04-20 15:44:41.701,2026-04-20,11,Morning (06-11),279,False,141.0,138,False,False,False,False,False,False,None
AI079,Air India,CCU,BLR,CCU - BLR,2026-04-20 11:04:41.702,2026-04-20 13:19:41.702,2026-04-20,11,Morning (06-11),135,False,167.0,-32,False,False,False,False,False,False,None
SJ018,SpiceJet,BOM,CCU,BOM - CCU,2026-04-20 10:58:41.701,2026-04-20 13:31:41.701,2026-04-20,10,Morning (06-11),153,False,169.5,-16,False,False,False,False,False,False,None
6F018,IndiGo,DEL,BLR,DEL - BLR,2026-04-20 10:57:41.701,2026-04-20 11:43:41.701,2026-04-20,10,Morning (06-11),46,False,191.0,-145,False,False,False,False,False,False,None
AI091,Air India,CCU,MAA,CCU - MAA,2026-04-20 10:52:41.702,2026-04-20 15:15:41.702,2026-04-20,10,Morning (06-11),263,False,165.0,98,False,False,False,False,False,False,None
UK071,Vistara,DEL,HYD,DEL - HYD,2026-04-20 10:50:41.701,2026-04-20 14:06:41.701,2026-04-20,10,Morning (06-11),196,False,177.0,19,False,False,False,False,False,False,None
AI019,Air India,BOM,CCU,BOM - CCU,2026-04-20 10:49:41.701,2026-04-20 11:51:41.701,2026-04-20,10,Morning (06-11),62,False,169.5,-108,False,False,False,False,False,False,None
UK212,Vistara,HYD,MAA,HYD - MAA,2026-04-20 10:46:41.704,2026-04-20 11:31:41.704,2026-04-20,10,Morning (06-11),45,False,141.0,-96,False,False,False,False,False,False,None
AI146,Air India,BLR,DEL,BLR - DEL,2026-04-20 10:40:41.702,2026-04-20 13:46:41.702,2026-04-20,10,Morning (06-11),186,False,125.0,61,False,False,False,False,False,False,None
6F232,IndiGo,MAA,BLR,MAA - BLR,2026-04-20 10:39:41.704,2026-04-20 12:22:41.704,2026-04-20,10,Morning (06-11),103,False,177.0,-74,False,False,False,False,False,False,None
6F084,IndiGo,CCU,HYD,CCU - HYD,2026-04-20 10:34:41.702,2026-04-20 11:34:42.000,2026-04-20,10,Morning (06-11),60,False,150.0,-90,False,False,False,False,False,False,None
AI129,Air India,BOM,CCU,BOM - CCU,2026-04-20 10:29:41.702,2026-04-20 13:38:41.702,2026-04-20,10,Morning (06-11),189,False,169.5,20,False,False,False,False,False,False,None
AI240,Air India,MAA,DEL,MAA - DEL,2026-04-20 10:19:41.704,2026-04-20 12:46:41.704,2026-04-20,10,Morning (06-11),147,False,175.5,-28,False,False,False,False,False,False,None
6F091,IndiGo,BLR,CCU,BLR - CCU,2026-04-20 10:10:41.702,2026-04-20 11:36:41.702,2026-04-20,10,Morning (06-11),86,False,97.0,-11,False,False,False,False,False,False,None
UK133,Vistara,BOM,DEL,BOM - DEL,2026-04-20 10:04:41.702,2026-04-20 13:16:41.702,2026-04-20,10,Morning (06-11),192,False,157.0,35,False,False,False,False,False,False,None
SJ007,SpiceJet,BOM,CCU,BOM - CCU,2026-04-20 10:03:41.701,2026-04-20 14:53:41.701,2026-04-20,10,Morning (06-11),290,False,169.5,120,False,False,False,False,False,False,None
SJ141,SpiceJet,CCU,DEL,CCU - DEL,2026-04-20 10:00:41.702,2026-04-20 13:37:41.702,2026-04-20,10,Morning (06-11),217,False,139.5,78,False,False,False,False,False,False,None
6F049,IndiGo,HYD,DEL,HYD - DEL,2026-04-20 10:00:41.701,2026-04-20 13:13:41.701,2026-04-20,10,Morning (06-11),193,False,196.5,-4,False,False,False,False,False,False,None
SJ235,SpiceJet,BOM,DEL,BOM - DEL,2026-04-20 09:57:41.704,2026-04-20 13:45:41.704,2026-04-20,9,Morning (06-11),228,False,157.0,71,False,False,False,False,False,False,None
UK087,Vistara,HYD,MAA,HYD - MAA,2026-04-20 09:49:41.702,2026-04-20 13:17:41.702,2026-04-20,9,Morning (06-11),208,False,141.0,67,False,False,False,False,False,False,None
UK170,Vistara,BOM,BLR,BOM - BLR,2026-04-20 09:42:41.703,2026-04-20 11:32:41.703,2026-04-20,9,Morning (06-11),110,False,170.0,-60,False,False,False,False,False,False,None
SJ078,SpiceJet,DEL,HYD,DEL - HYD,2026-04-20 09:41:41.701,2026-04-20 12:49:41.701,2026-04-20,9,Morning (06-11),188,False,177.0,11,False,False,False,False,False,False,None
SJ075,SpiceJet,MAA,BLR,MAA - BLR,2026-04-20 09:26:41.701,2026-04-20 11:03:41.701,2026-04-20,9,Morning (06-11),97,False,177.0,-80,False,False,False,False,False,False,None
AI159,Air India,HYD,BLR,HYD - BLR,2026-04-20 09:23:41.703,2026-04-20 11:36:41.703,2026-04-20,9,Morning (06-11),133,False,136.0,-3,False,False,False,False,False,False,None
UK120,Vistara,HYD,DEL,HYD - DEL,2026-04-20 09:19:41.702,2026-04-20 13:30:41.702,2026-04-20,9,Morning (06-11),251,False,196.5,54,False,False,False,False,False,False,None
AI059,Air India,CCU,DEL,CCU - DEL,2026-04-20 09:16:41.701,2026-04-20 11:43:41.701,2026-04-20,9,Morning (06-11),147,False,139.5,8,False,False,False,False,False,False,None
UK040,Vistara,HYD,CCU,HYD - CCU,2026-04-20 09:15:41.701,2026-04-20 10:32:41.701,2026-04-20,9,Morning (06-11),77,False,177.0,-100,False,False,False,False,False,False,None
AI044,Air India,MAA,BLR,MAA - BLR,2026-04-20 09:03:41.701,2026-04-20 12:36:41.701,2026-04-20,9,Morning (06-11),213,False,177.0,36,False,False,True,False,False,False,None
AI078,Air India,DEL,BOM,DEL - BOM,2026-04-20 08:58:41.702,2026-04-20 13:28:41.702,2026-04-20,8,Morning (06-11),270,False,176.0,94,False,False,False,False,False,False,None
SJ226,SpiceJet,HYD,BOM,HYD - BOM,2026-04-20 08:47:41.704,2026-04-20 12:54:41.704,2026-04-20,8,Morning (06-11),247,False,150.0,97,False,False,False,False,False,False,None
6F209,IndiGo,MAA,CCU,MAA - CCU,2026-04-20 08:40:41.703,2026-04-20 13:40:41.703,2026-04-20,8,Morning (06-11),300,False,132.5,168,False,False,False,False,False,False,None
UK193,Vistara,HYD,DEL,HYD - DEL,2026-04-20 08:39:41.703,2026-04-20 09:14:41.703,2026-04-20,8,Morning (06-11),35,False,196.5,-162,False,False,False,False,False,False,None
6F092,IndiGo,MAA,BLR,MAA - BLR,2026-04-20 08:39:41.702,2026-04-20 09:15:41.702,2026-04-20,8,Morning (06-11),36,False,177.0,-141,False,False,False,False,False,False,None
AI208,Air India,BLR,BOM,BLR - BOM,2026-04-20 08:38:41.703,2026-04-20 11:52:41.703,2026-04-20,8,Morning (06-11),194,False,140.5,54,False,False,False,False,False,False,None
SJ227,SpiceJet,BOM,CCU,BOM - CCU,2026-04-20 08:32:41.704,2026-04-20 12:53:41.704,2026-04-20,8,Morning (06-11),261,False,169.5,92,False,False,False,False,False,False,None
6F238,IndiGo,BOM,DEL,BOM - DEL,2026-04-20 08:31:41.704,2026-04-20 09:19:41.704,2026-04-20,8,Morning (06-11),48,False,157.0,-109,False,False,False,False,False,False,None
AI084,Air India,BOM,HYD,BOM - HYD,2026-04-20 08:31:41.702,2026-04-20 09:46:41.702,2026-04-20,8,Morning (06-11),75,False,207.5,-132,False,False,False,False,False,False,None
SJ228,SpiceJet,BOM,CCU,BOM - CCU,2026-04-20 08:29:41.704,2026-04-20 12:16:41.704,2026-04-20,8,Morning (06-11),227,False,169.5,58,False,False,False,False,False,False,None
UK194,Vistara,CCU,BOM,CCU - BOM,2026-04-20 08:26:41.703,2026-04-20 09:26:42.000,2026-04-20,8,Morning (06-11),60,False,174.0,-114,False,False,False,False,False,False,None
6F126,IndiGo,CCU,MAA,CCU - MAA,2026-04-20 08:21:41.702,2026-04-20 09:39:41.702,2026-04-20,8,Morning (06-11),78,False,165.0,-87,False,False,False,False,False,False,None
SJ052,SpiceJet,MAA,BLR,MAA - BLR,2026-04-20 08:20:41.701,2026-04-20 09:57:41.701,2026-04-20,8,Morning (06-11),97,False,177.0,-80,False,False,False,False,False,False,None
AI233,Air India,BLR,BOM,BLR - BOM,2026-04-20 08:04:41.704,2026-04-20 09:52:41.704,2026-04-20,8,Morning (06-11),108,False,140.5,-32,False,False,False,False,False,False,None
AI213,Air India,HYD,CCU,HYD - CCU,2026-04-20 08:03:41.703,2026-04-20 09:14:41.703,2026-04-20,8,Morning (06-11),71,False,177.0,-106,False,False,False,False,False,False,None
UK076,Vistara,MAA,CCU,MAA - CCU,2026-04-20 08:03:41.702,2026-04-20 12:26:41.702,2026-04-20,8,Morning (06-11),263,False,132.5,130,False,False,False,False,False,False,None
SJ022,SpiceJet,DEL,BLR,DEL - BLR,2026-04-20 07:56:41.701,2026-04-20 11:07:41.701,2026-04-20,7,Morning (06-11),191,False,191.0,0,False,False,False,False,False,False,None
SJ002,SpiceJet,DEL,BOM,DEL - BOM,2026-04-20 07:54:41.701,2026-04-20 12:40:41.701,2026-04-20,7,Morning (06-11),286,False,176.0,110,False,False,False,False,False,False,None
AI163,Air India,HYD,MAA,HYD - MAA,2026-04-20 07:45:41.703,2026-04-20 08:46:41.703,2026-04-20,7,Morning (06-11),61,False,141.0,-80,False,False,False,False,False,False,None
UK229,Vistara,HYD,DEL,HYD - DEL,2026-04-20 07:40:41.704,2026-04-20 11:57:41.704,2026-04-20,7,Morning (06-11),257,False,196.5,60,False,False,True,False,False,False,None
UK185,Vistara,DEL,MAA,DEL - MAA,2026-04-20 07:31:41.703,2026-04-20 08:48:41.703,2026-04-20,7,Morning (06-11),77,False,184.0,-107,False,False,False,False,False,False,None
6F029,IndiGo,BOM,BLR,BOM - BLR,2026-04-20 07:31:41.701,2026-04-20 11:45:41.701,2026-04-20,7,Morning (06-11),254,False,170.0,84,False,False,False,False,False,False,None
6F056,IndiGo,BOM,MAA,BOM - MAA,2026-04-20 07:00:41.701,2026-04-20 08:49:41.701,2026-04-20,7,Morning (06-11),109,False,180.0,-71,False,False,False,False,False,False,None
AI062,Air India,MAA,DEL,MAA - DEL,2026-04-20 06:49:41.701,2026-04-20 07:25:41.701,2026-04-20,6,Morning (06-11),36,False,175.5,-140,False,False,False,False,False,False,None
UK034,Vistara,DEL,BLR,DEL - BLR,2026-04-20 06:47:41.701,2026-04-20 10:11:41.701,2026-04-20,6,Morning (06-11),204,False,191.0,13,False,False,False,False,False,False,None
UK079,Vistara,DEL,BLR,DEL - BLR,2026-04-20 06:43:41.702,2026-04-20 10:34:41.702,2026-04-20,6,Morning (06-11),231,False,191.0,40,False,False,False,False,False,False,None
AI135,Air India,BLR,BOM,BLR - BOM,2026-04-20 06:40:41.702,2026-04-20 09:21:41.702,2026-04-20,6,Morning (06-11),161,False,140.5,20,False,False,False,False,False,False,None
SJ061,SpiceJet,MAA,BLR,MAA - BLR,2026-04-20 06:38:41.701,2026-04-20 09:35:41.701,2026-04-20,6,Morning (06-11),177,False,177.0,0,False,False,False,False,False,False,None
AI047,Air India,CCU,MAA,CCU - MAA,2026-04-20 06:36:41.701,2026-04-20 07:23:41.701,2026-04-20,6,Morning (06-11),47,False,165.0,-118,False,False,True,False,False,False,None
UK210,Vistara,DEL,CCU,DEL - CCU,2026-04-20 06:35:41.704,2026-04-20 07:30:41.704,2026-04-20,6,Morning (06-11),55,False,144.0,-89,False,False,False,False,False,False,None
AI088,Air India,MAA,DEL,MAA - DEL,2026-04-20 06:34:41.702,2026-04-20 10:10:41.702,2026-04-20,6,Morning (06-11),216,False,175.5,40,False,False,True,False,False,False,None
UK177,Vistara,DEL,HYD,DEL - HYD,2026-04-20 06:21:41.703,2026-04-20 10:50:41.703,2026-04-20,6,Morning (06-11),269,False,177.0,92,False,False,False,False,False,False,None
AI128,Air India,BOM,CCU,BOM - CCU,2026-04-20 06:07:41.702,2026-04-20 10:03:41.702,2026-04-20,6,Morning (06-11),236,False,169.5,66,False,False,True,False,False,False,None
AI158,Air India,CCU,DEL,CCU - DEL,2026-04-20 06:04:41.703,2026-04-20 09:01:41.703,2026-04-20,6,Morning (06-11),177,False,139.5,38,False,False,False,False,False,False,None
UK206,Vistara,MAA,BLR,MAA - BLR,2026-04-20 06:01:41.703,2026-04-20 10:34:41.703,2026-04-20,6,Morning (06-11),273,False,177.0,96,False,False,False,False,False,False,None
SJ138,SpiceJet,BLR,BOM,BLR - BOM,2026-04-20 05:55:41.702,2026-04-20 06:43:41.702,2026-04-20,5,Night (00-05),48,False,140.5,-92,False,False,True,False,False,False,None
AI034,Air India,DEL,BOM,DEL - BOM,2026-04-20 05:48:41.701,2026-04-20 10:31:41.701,2026-04-20,5,Night (00-05),283,False,176.0,107,False,False,False,False,False,False,None
AI012,Air India,BOM,CCU,BOM - CCU,2026-04-20 05:44:41.701,2026-04-20 09:47:41.701,2026-04-20,5,Night (00-05),243,False,169.5,74,False,False,False,False,False,False,None
6F083,IndiGo,BLR,DEL,BLR - DEL,2026-04-20 05:24:41.702,2026-04-20 06:03:41.702,2026-04-20,5,Night (00-05),39,False,125.0,-86,False,False,False,False,False,False,None
SJ083,SpiceJet,MAA,BLR,MAA - BLR,2026-04-20 05:13:41.702,2026-04-20 08:17:41.702,2026-04-20,5,Night (00-05),184,False,177.0,7,False,False,False,False,False,False,None
SJ186,SpiceJet,CCU,DEL,CCU - DEL,2026-04-20 05:11:41.703,2026-04-20 07:22:41.703,2026-04-20,5,Night (00-05),131,False,139.5,-8,False,False,False,False,False,False,None
UK001,Vistara,CCU,DEL,CCU - DEL,2026-04-20 05:06:41.700,2026-04-20 06:31:41.700,2026-04-20,5,Night (00-05),85,False,139.5,-54,False,False,False,False,False,False,None
AI217,Air India,CCU,BLR,CCU - BLR,2026-04-20 04:57:41.703,2026-04-20 07:14:41.703,2026-04-20,4,Night (00-05),137,False,167.0,-30,False,False,False,False,False,False,None
6F178,IndiGo,BOM,CCU,BOM - CCU,2026-04-20 04:48:41.703,2026-04-20 09:11:41.703,2026-04-20,4,Night (00-05),263,False,169.5,94,False,False,False,False,False,False,None
UK015,Vistara,BLR,BOM,BLR - BOM,2026-04-20 04:46:41.701,2026-04-20 06:33:41.701,2026-04-20,4,Night (00-05),107,False,140.5,-34,False,False,False,False,False,False,None
AI112,Air India,DEL,BLR,DEL - BLR,2026-04-20 04:41:41.702,2026-04-20 08:24:41.702,2026-04-20,4,Night (00-05),223,False,191.0,32,False,False,False,False,False,False,None
UK100,Vistara,CCU,BLR,CCU - BLR,2026-04-20 04:40:41.702,2026-04-20 07:12:41.702,2026-04-20,4,Night (00-05),152,False,167.0,-15,False,False,False,False,False,False,None
6F133,IndiGo,MAA,BLR,MAA - BLR,2026-04-20 04:38:41.702,2026-04-20 06:25:41.702,2026-04-20,4,Night (00-05),107,False,177.0,-70,False,False,False,False,False,False,None
AI227,Air India,BLR,MAA,BLR - MAA,2026-04-20 04:31:41.703,2026-04-20 08:17:41.703,2026-04-20,4,Night (00-05),226,False,219.0,7,False,False,False,False,False,False,None
UK093,Vistara,HYD,CCU,HYD - CCU,2026-04-20 04:31:41.702,2026-04-20 05:21:41.702,2026-04-20,4,Night (00-05),50,False,177.0,-127,False,False,False,False,False,False,None
UK203,Vistara,BLR,HYD,BLR - HYD,2026-04-20 04:12:41.703,2026-04-20 05:24:41.703,2026-04-20,4,Night (00-05),72,False,167.0,-95,False,False,False,False,False,False,None
UK154,Vistara,MAA,HYD,MAA - HYD,2026-04-20 04:00:41.703,2026-04-20 07:57:41.703,2026-04-20,4,Night (00-05),237,False,164.0,73,False,False,False,False,False,False,None
UK073,Vistara,BLR,CCU,BLR - CCU,2026-04-20 03:59:41.702,2026-04-20 08:09:41.702,2026-04-20,3,Night (00-05),250,False,97.0,153,False,False,False,False,False,False,None
AI164,Air India,DEL,BLR,DEL - BLR,2026-04-20 03:57:41.703,2026-04-20 05:45:41.703,2026-04-20,3,Night (00-05),108,False,191.0,-83,False,False,False,False,False,False,None
UK008,Vistara,CCU,BLR,CCU - BLR,2026-04-20 03:57:41.701,2026-04-20 04:34:41.701,2026-04-20,3,Night (00-05),37,False,167.0,-130,False,False,False,False,False,False,None
UK051,Vistara,HYD,DEL,HYD - DEL,2026-04-20 03:55:41.701,2026-04-20 06:55:41.701,2026-04-20,3,Night (00-05),180,False,196.5,-16,False,False,False,False,False,False,None
UK208,Vistara,DEL,CCU,DEL - CCU,2026-04-20 03:54:41.704,2026-04-20 08:51:41.704,2026-04-20,3,Night (00-05),297,False,144.0,153,False,False,False,False,False,False,None
AI150,Air India,BOM,DEL,BOM - DEL,2026-04-20 03:51:41.703,2026-04-20 04:38:41.703,2026-04-20,3,Night (00-05),47,False,157.0,-110,False,False,False,False,False,False,None
AI189,Air India,CCU,DEL,CCU - DEL,2026-04-20 03:44:41.703,2026-04-20 05:32:41.703,2026-04-20,3,Night (00-05),108,False,139.5,-32,False,False,False,False,False,False,None
6F230,IndiGo,CCU,BLR,CCU - BLR,2026-04-20 03:34:41.704,2026-04-20 06:47:41.704,2026-04-20,3,Night (00-05),193,False,167.0,26,False,False,False,False,False,False,None
6F169,IndiGo,BOM,DEL,BOM - DEL,2026-04-20 03:27:41.703,2026-04-20 08:06:41.703,2026-04-20,3,Night (00-05),279,False,157.0,122,False,False,False,False,False,False,None
AI205,Air India,BLR,BOM,BLR - BOM,2026-04-20 03:26:41.703,2026-04-20 05:14:41.703,2026-04-20,3,Night (00-05),108,False,140.5,-32,False,False,False,False,False,False,None
AI103,Air India,BLR,BOM,BLR - BOM,2026-04-20 03:26:41.702,2026-04-20 04:04:41.702,2026-04-20,3,Night (00-05),38,False,140.5,-102,False,False,False,False,False,False,None
6F250,IndiGo,DEL,BLR,DEL - BLR,2026-04-20 03:26:41.701,2026-04-20 07:30:41.701,2026-04-20,3,Night (00-05),244,False,191.0,53,False,False,True,False,True,True,Conflicting duplicate flight_id
AI246,Air India,BOM,BLR,BOM - BLR,2026-04-20 03:22:41.704,2026-04-20 06:41:41.704,2026-04-20,3,Night (00-05),199,False,170.0,29,False,False,False,False,False,False,None
6F187,IndiGo,BOM,MAA,BOM - MAA,2026-04-20 03:19:41.703,2026-04-20 07:37:41.703,2026-04-20,3,Night (00-05),258,False,180.0,78,False,False,False,False,False,False,None
AI082,Air India,DEL,CCU,DEL - CCU,2026-04-20 03:19:41.702,2026-04-20 06:01:41.702,2026-04-20,3,Night (00-05),162,False,144.0,18,False,False,False,False,False,False,None
UK116,Vistara,CCU,BOM,CCU - BOM,2026-04-20 03:18:41.702,2026-04-20 07:06:41.702,2026-04-20,3,Night (00-05),228,False,174.0,54,False,False,False,False,False,False,None
SJ169,SpiceJet,BOM,MAA,BOM - MAA,2026-04-20 03:10:41.703,2026-04-20 07:56:41.703,2026-04-20,3,Night (00-05),286,False,180.0,106,False,False,False,False,False,False,None
AI175,Air India,BOM,HYD,BOM - HYD,2026-04-20 03:08:41.703,2026-04-20 06:55:41.703,2026-04-20,3,Night (00-05),227,False,207.5,20,False,False,False,False,False,False,None
SJ098,SpiceJet,HYD,MAA,HYD - MAA,2026-04-20 03:02:41.702,2026-04-20 03:37:41.702,2026-04-20,3,Night (00-05),35,False,141.0,-106,False,False,False,False,False,False,None
SJ191,SpiceJet,BLR,BOM,BLR - BOM,2026-04-20 03:01:41.703,2026-04-20 04:23:41.703,2026-04-20,3,Night (00-05),82,False,140.5,-58,False,False,False,False,False,False,None
SJ017,SpiceJet,DEL,MAA,DEL - MAA,2026-04-20 02:57:41.701,2026-04-20 05:00:41.701,2026-04-20,2,Night (00-05),123,False,184.0,-61,False,False,False,False,False,False,None
UK188,Vistara,MAA,BLR,MAA - BLR,2026-04-20 02:55:41.703,2026-04-20 03:44:41.703,2026-04-20,2,Night (00-05),49,False,177.0,-128,False,False,False,False,False,False,None
AI196,Air India,MAA,HYD,MAA - HYD,2026-04-20 02:52:41.703,2026-04-20 04:25:41.703,2026-04-20,2,Night (00-05),93,False,164.0,-71,False,False,False,False,False,False,None
AI068,Air India,BOM,BLR,BOM - BLR,2026-04-20 02:48:41.702,2026-04-20 04:48:42.000,2026-04-20,2,Night (00-05),120,False,170.0,-50,False,False,False,False,False,False,None
SJ097,SpiceJet,BOM,CCU,BOM - CCU,2026-04-20 02:37:41.702,2026-04-20 05:27:41.702,2026-04-20,2,Night (00-05),170,False,169.5,0,False,False,False,False,False,False,None
SJ030,SpiceJet,DEL,HYD,DEL - HYD,2026-04-20 02:36:41.701,2026-04-20 03:19:41.701,2026-04-20,2,Night (00-05),43,False,177.0,-134,False,False,False,False,False,False,None
6F179,IndiGo,HYD,MAA,HYD - MAA,2026-04-20 02:25:41.703,2026-04-20 06:40:41.703,2026-04-20,2,Night (00-05),255,False,141.0,114,False,False,False,False,False,False,None
6F156,IndiGo,MAA,BOM,MAA - BOM,2026-04-20 02:23:41.703,2026-04-20 04:57:41.703,2026-04-20,2,Night (00-05),154,False,173.0,-19,False,False,False,False,False,False,None
SJ057,SpiceJet,BOM,CCU,BOM - CCU,2026-04-20 02:17:41.701,2026-04-20 05:29:41.701,2026-04-20,2,Night (00-05),192,False,169.5,22,False,False,False,False,False,False,None
6F036,IndiGo,CCU,BLR,CCU - BLR,2026-04-20 02:14:41.701,2026-04-20 06:57:41.701,2026-04-20,2,Night (00-05),283,False,167.0,116,False,False,False,False,False,False,None
6F201,IndiGo,CCU,BOM,CCU - BOM,2026-04-20 02:09:41.703,2026-04-20 06:49:41.703,2026-04-20,2,Night (00-05),280,False,174.0,106,False,False,False,False,False,False,None
6F143,IndiGo,CCU,DEL,CCU - DEL,2026-04-20 02:09:41.702,2026-04-20 06:08:41.702,2026-04-20,2,Night (00-05),239,False,139.5,100,False,False,False,False,False,False,None
6F177,IndiGo,HYD,MAA,HYD - MAA,2026-04-20 02:03:41.703,2026-04-20 04:25:41.703,2026-04-20,2,Night (00-05),142,False,141.0,1,False,False,False,False,False,False,None
6F031,IndiGo,BOM,BLR,BOM - BLR,2026-04-20 02:00:41.701,2026-04-20 06:37:41.701,2026-04-20,2,Night (00-05),277,False,170.0,107,False,False,False,False,False,False,None
UK165,Vistara,DEL,BLR,DEL - BLR,2026-04-20 01:51:41.703,2026-04-20 06:04:41.703,2026-04-20,1,Night (00-05),253,False,191.0,62,False,False,False,False,False,False,None
6F122,IndiGo,DEL,BLR,DEL - BLR,2026-04-20 01:44:41.702,2026-04-20 05:28:41.702,2026-04-20,1,Night (00-05),224,False,191.0,33,False,False,False,False,False,False,None
AI009,Air India,DEL,CCU,DEL - CCU,2026-04-20 01:31:41.701,2026-04-20 04:05:41.701,2026-04-20,1,Night (00-05),154,False,144.0,10,False,False,True,False,False,False,None
6F046,IndiGo,DEL,BLR,DEL - BLR,2026-04-20 01:27:41.701,2026-04-20 05:08:41.701,2026-04-20,1,Night (00-05),221,False,191.0,30,False,False,False,False,False,False,None
AI051,Air India,MAA,BLR,MAA - BLR,2026-04-20 01:27:41.701,2026-04-20 02:22:41.701,2026-04-20,1,Night (00-05),55,False,177.0,-122,False,False,False,False,False,False,None
UK222,Vistara,BOM,CCU,BOM - CCU,2026-04-20 01:22:41.704,2026-04-20 02:57:41.704,2026-04-20,1,Night (00-05),95,False,169.5,-74,False,False,False,False,False,False,None
SJ127,SpiceJet,BOM,DEL,BOM - DEL,2026-04-20 01:21:41.702,2026-04-20 03:58:41.702,2026-04-20,1,Night (00-05),157,False,157.0,0,False,False,False,False,False,False,None
AI226,Air India,BLR,HYD,BLR - HYD,2026-04-20 01:19:41.703,2026-04-20 04:08:41.703,2026-04-20,1,Night (00-05),169,False,167.0,2,False,False,True,False,False,False,None
AI216,Air India,BOM,CCU,BOM - CCU,2026-04-20 01:10:41.703,2026-04-20 02:34:41.703,2026-04-20,1,Night (00-05),84,False,169.5,-86,False,False,False,False,False,False,None
6F058,IndiGo,BOM,CCU,BOM - CCU,2026-04-20 01:04:41.701,2026-04-20 03:33:41.701,2026-04-20,1,Night (00-05),149,False,169.5,-20,False,False,False,False,False,False,None
SJ207,SpiceJet,DEL,CCU,DEL - CCU,2026-04-20 00:52:41.703,2026-04-20 04:05:41.703,2026-04-20,0,Night (00-05),193,False,144.0,49,False,False,False,False,False,False,None
SJ198,SpiceJet,CCU,BOM,CCU - BOM,2026-04-20 00:47:41.703,2026-04-20 05:28:41.703,2026-04-20,0,Night (00-05),281,False,174.0,107,False,False,False,False,False,False,None
SJ108,SpiceJet,BLR,HYD,BLR - HYD,2026-04-20 00:40:41.702,2026-04-20 03:16:41.702,2026-04-20,0,Night (00-05),156,False,167.0,-11,False,False,False,False,False,False,None
SJ155,SpiceJet,DEL,CCU,DEL - CCU,2026-04-20 00:38:41.702,2026-04-20 05:38:41.702,2026-04-20,0,Night (00-05),300,False,144.0,156,False,False,False,False,False,False,None
6F193,IndiGo,BOM,MAA,BOM - MAA,2026-04-20 00:34:41.703,2026-04-20 02:32:41.703,2026-04-20,0,Night (00-05),118,False,180.0,-62,False,False,False,False,False,False,None
6F019,IndiGo,BLR,BOM,BLR - BOM,2026-04-20 00:19:41.701,2026-04-20 04:14:41.701,2026-04-20,0,Night (00-05),235,False,140.5,94,False,False,False,False,False,False,None
AI102,Air India,CCU,BLR,CCU - BLR,2026-04-20 00:17:41.702,2026-04-20 05:08:41.702,2026-04-20,0,Night (00-05),291,False,167.0,124,False,False,False,False,False,False,None
6F166,IndiGo,BOM,CCU,BOM - CCU,2026-04-20 00:03:41.703,2026-04-20 04:33:41.703,2026-04-20,0,Night (00-05),270,False,169.5,100,False,False,False,False,False,False,None
UK175,Vistara,BLR,BOM,BLR - BOM,2026-04-19 23:56:41.703,2026-04-20 03:18:41.703,2026-04-19,23,Late night (21-23),202,True,140.5,62,False,False,False,False,False,False,None
6F010,IndiGo,DEL,BLR,DEL - BLR,2026-04-19 23:53:41.701,2026-04-20 03:44:41.701,2026-04-19,23,Late night (21-23),231,True,191.0,40,False,False,False,False,False,False,None
AI234,Air India,BOM,MAA,BOM - MAA,2026-04-19 23:50:41.704,2026-04-20 01:34:41.704,2026-04-19,23,Late night (21-23),104,True,180.0,-76,False,False,False,False,False,False,None
UK135,Vistara,HYD,DEL,HYD - DEL,2026-04-19 23:50:41.702,2026-04-20 01:43:41.702,2026-04-19,23,Late night (21-23),113,True,196.5,-84,False,False,False,False,False,False,None
6F272,IndiGo,HYD,MAA,HYD - MAA,2026-04-19 23:35:41.702,2026-04-20 00:22:41.702,2026-04-19,23,Late night (21-23),47,True,141.0,-94,False,False,True,False,False,False,None
AI061,Air India,BOM,CCU,BOM - CCU,2026-04-19 23:31:41.701,2026-04-20 01:02:41.701,2026-04-19,23,Late night (21-23),91,True,169.5,-78,False,False,False,False,False,False,None
6F070,IndiGo,HYD,DEL,HYD - DEL,2026-04-19 23:23:41.701,2026-04-20 02:24:41.701,2026-04-19,23,Late night (21-23),181,True,196.5,-16,False,False,False,False,False,False,None
AI015,Air India,BLR,CCU,BLR - CCU,2026-04-19 23:21:41.701,2026-04-20 01:15:41.701,2026-04-19,23,Late night (21-23),114,True,97.0,17,False,False,False,False,False,False,None
SJ076,SpiceJet,DEL,MAA,DEL - MAA,2026-04-19 23:01:41.701,2026-04-20 02:02:41.701,2026-04-19,23,Late night (21-23),181,True,184.0,-3,False,False,False,False,False,False,None
SJ029,SpiceJet,HYD,DEL,HYD - DEL,2026-04-19 22:55:41.701,2026-04-20 00:22:41.701,2026-04-19,22,Late night (21-23),87,True,196.5,-110,False,False,True,False,False,False,None
SJ194,SpiceJet,CCU,DEL,CCU - DEL,2026-04-19 22:46:41.703,2026-04-20 02:31:41.703,2026-04-19,22,Late night (21-23),225,True,139.5,86,False,False,False,False,False,False,None
AI235,Air India,BLR,HYD,BLR - HYD,2026-04-19 22:45:41.704,2026-04-20 02:12:41.704,2026-04-19,22,Late night (21-23),207,True,167.0,40,False,False,False,False,False,False,None
SJ048,SpiceJet,MAA,BLR,MAA - BLR,2026-04-19 22:43:41.701,2026-04-20 00:19:41.701,2026-04-19,22,Late night (21-23),96,True,177.0,-81,False,False,False,False,False,False,None
SJ114,SpiceJet,HYD,DEL,HYD - DEL,2026-04-19 22:42:41.702,2026-04-20 02:02:41.702,2026-04-19,22,Late night (21-23),200,True,196.5,4,False,False,False,False,False,False,None
SJ146,SpiceJet,HYD,BLR,HYD - BLR,2026-04-19 22:37:41.702,2026-04-20 00:33:41.702,2026-04-19,22,Late night (21-23),116,True,136.0,-20,False,False,False,False,False,False,None
UK041,Vistara,HYD,MAA,HYD - MAA,2026-04-19 22:37:41.701,2026-04-19 23:44:41.701,2026-04-19,22,Late night (21-23),67,False,141.0,-74,False,False,False,False,False,False,None
6F075,IndiGo,BOM,CCU,BOM - CCU,2026-04-19 22:20:41.702,2026-04-20 03:02:41.702,2026-04-19,22,Late night (21-23),282,True,169.5,112,False,False,False,False,False,False,None
SJ020,SpiceJet,BLR,BOM,BLR - BOM,2026-04-19 22:18:41.701,2026-04-20 02:27:41.701,2026-04-19,22,Late night (21-23),249,True,140.5,108,False,False,False,False,False,False,None
SJ099,SpiceJet,MAA,BLR,MAA - BLR,2026-04-19 22:14:41.702,2026-04-20 00:34:41.702,2026-04-19,22,Late night (21-23),140,True,177.0,-37,False,False,True,False,False,False,None
6F078,IndiGo,BOM,CCU,BOM - CCU,2026-04-19 22:04:41.702,2026-04-19 23:37:41.702,2026-04-19,22,Late night (21-23),93,False,169.5,-76,False,False,False,False,False,False,None
UK219,Vistara,BOM,HYD,BOM - HYD,2026-04-19 22:03:41.704,2026-04-20 02:21:41.704,2026-04-19,22,Late night (21-23),258,True,207.5,50,False,False,False,False,False,False,None
UK223,Vistara,CCU,DEL,CCU - DEL,2026-04-19 21:58:41.704,2026-04-19 22:30:41.704,2026-04-19,21,Late night (21-23),32,False,139.5,-108,False,False,False,False,False,False,None
UK227,Vistara,BOM,HYD,BOM - HYD,2026-04-19 21:57:41.704,2026-04-20 01:47:41.704,2026-04-19,21,Late night (21-23),230,True,207.5,22,False,False,False,False,False,False,None
6F260,IndiGo,CCU,DEL,CCU - DEL,2026-04-19 21:51:41.702,2026-04-20 01:14:41.702,2026-04-19,21,Late night (21-23),203,True,139.5,64,False,False,True,False,False,False,None
AI096,Air India,CCU,DEL,CCU - DEL,2026-04-19 21:48:41.702,2026-04-20 02:46:41.702,2026-04-19,21,Late night (21-23),298,True,139.5,158,False,False,False,False,False,False,None
6F022,IndiGo,MAA,BLR,MAA - BLR,2026-04-19 21:46:41.701,2026-04-20 02:05:41.701,2026-04-19,21,Late night (21-23),259,True,177.0,82,False,False,False,False,False,False,None
6F237,IndiGo,HYD,MAA,HYD - MAA,2026-04-19 21:41:41.704,2026-04-20 00:44:41.704,2026-04-19,21,Late night (21-23),183,True,141.0,42,False,False,False,False,False,False,None
UK146,Vistara,BOM,MAA,BOM - MAA,2026-04-19 21:40:41.703,2026-04-20 00:08:41.703,2026-04-19,21,Late night (21-23),148,True,180.0,-32,False,False,False,False,False,False,None
SJ015,SpiceJet,BOM,CCU,BOM - CCU,2026-04-19 21:40:41.701,2026-04-19 22:52:41.701,2026-04-19,21,Late night (21-23),72,False,169.5,-98,False,False,False,False,False,False,None
AI108,Air India,BLR,CCU,BLR - CCU,2026-04-19 21:32:41.702,2026-04-20 00:17:41.702,2026-04-19,21,Late night (21-23),165,True,97.0,68,False,False,False,False,False,False,None
UK020,Vistara,MAA,BLR,MAA - BLR,2026-04-19 21:23:41.701,2026-04-19 22:38:41.701,2026-04-19,21,Late night (21-23),75,False,177.0,-102,False,False,False,False,False,False,None
6F113,IndiGo,BOM,CCU,BOM - CCU,2026-04-19 21:04:41.702,2026-04-20 01:30:41.702,2026-04-19,21,Late night (21-23),266,True,169.5,96,False,False,False,False,False,False,None
6F112,IndiGo,HYD,DEL,HYD - DEL,2026-04-19 21:00:41.702,2026-04-19 23:16:41.702,2026-04-19,21,Late night (21-23),136,False,196.5,-60,False,False,False,False,False,False,None
6F246,IndiGo,HYD,DEL,HYD - DEL,2026-04-19 21:00:41.702,2026-04-19 23:16:41.702,2026-04-19,21,Late night (21-23),136,False,196.5,-60,False,False,False,False,False,False,None
UK158,Vistara,BOM,MAA,BOM - MAA,2026-04-19 20:49:41.703,2026-04-19 21:22:41.703,2026-04-19,20,Evening (17-20),33,False,180.0,-147,False,False,False,False,False,False,None
UK159,Vistara,CCU,BLR,CCU - BLR,2026-04-19 20:45:41.703,2026-04-19 23:32:41.703,2026-04-19,20,Evening (17-20),167,False,167.0,0,False,False,False,False,False,False,None
UK084,Vistara,MAA,DEL,MAA - DEL,2026-04-19 20:44:41.702,2026-04-20 00:20:41.702,2026-04-19,20,Evening (17-20),216,True,175.5,40,False,False,False,False,False,False,None
SJ206,SpiceJet,DEL,CCU,DEL - CCU,2026-04-19 20:43:41.703,2026-04-20 01:21:41.703,2026-04-19,20,Evening (17-20),278,True,144.0,134,False,False,False,False,False,False,None
UK044,Vistara,BLR,BOM,BLR - BOM,2026-04-19 20:31:41.701,2026-04-19 23:29:41.701,2026-04-19,20,Evening (17-20),178,False,140.5,38,False,False,False,False,False,False,None
SJ036,SpiceJet,DEL,HYD,DEL - HYD,2026-04-19 20:24:41.701,2026-04-19 23:54:41.701,2026-04-19,20,Evening (17-20),210,False,177.0,33,False,False,False,False,False,False,None
6F176,IndiGo,CCU,DEL,CCU - DEL,2026-04-19 20:23:42.000,2026-04-19 23:23:42.000,2026-04-19,20,Evening (17-20),180,False,139.5,40,False,False,False,False,False,False,None
6F148,IndiGo,CCU,BOM,CCU - BOM,2026-04-19 20:23:41.703,2026-04-19 22:30:41.703,2026-04-19,20,Evening (17-20),127,False,174.0,-47,False,False,False,False,False,False,None
6F202,IndiGo,HYD,BLR,HYD - BLR,2026-04-19 20:18:41.703,2026-04-19 23:48:41.703,2026-04-19,20,Evening (17-20),210,False,136.0,74,False,False,False,False,False,False,None
6F071,IndiGo,DEL,CCU,DEL - CCU,2026-04-19 20:18:41.702,2026-04-20 00:31:41.702,2026-04-19,20,Evening (17-20),253,True,144.0,109,False,False,False,False,False,False,None
AI105,Air India,CCU,DEL,CCU - DEL,2026-04-19 20:16:41.702,2026-04-19 22:03:41.702,2026-04-19,20,Evening (17-20),107,False,139.5,-32,False,False,False,False,False,False,None
AI241,Air India,HYD,BLR,HYD - BLR,2026-04-19 20:11:41.704,2026-04-19 22:18:41.704,2026-04-19,20,Evening (17-20),127,False,136.0,-9,False,False,False,False,False,False,None
SJ162,SpiceJet,DEL,HYD,DEL - HYD,2026-04-19 20:11:41.703,2026-04-19 22:30:41.703,2026-04-19,20,Evening (17-20),139,False,177.0,-38,False,False,False,False,False,False,None
6F003,IndiGo,HYD,BOM,HYD - BOM,2026-04-19 20:06:41.700,2026-04-19 23:13:41.700,2026-04-19,20,Evening (17-20),187,False,150.0,37,False,False,False,False,False,False,None
6F249,IndiGo,HYD,BOM,HYD - BOM,2026-04-19 20:06:41.700,2026-04-19 23:13:41.700,2026-04-19,20,Evening (17-20),187,False,150.0,37,False,False,False,False,False,False,None
AI237,Air India,BOM,CCU,BOM - CCU,2026-04-19 19:58:41.704,2026-04-19 23:13:41.704,2026-04-19,19,Evening (17-20),195,False,169.5,26,False,False,False,False,False,False,None
SJ134,SpiceJet,BOM,CCU,BOM - CCU,2026-04-19 19:58:41.702,2026-04-20 00:15:41.702,2026-04-19,19,Evening (17-20),257,True,169.5,88,False,False,False,False,False,False,None
AI071,Air India,BOM,MAA,BOM - MAA,2026-04-19 19:55:41.702,2026-04-19 22:58:41.702,2026-04-19,19,Evening (17-20),183,False,180.0,3,False,False,False,False,False,False,None
6F118,IndiGo,CCU,HYD,CCU - HYD,2026-04-19 19:52:41.702,2026-04-19 21:01:41.702,2026-04-19,19,Evening (17-20),69,False,150.0,-81,False,False,False,False,False,False,None
6F014,IndiGo,DEL,MAA,DEL - MAA,2026-04-19 19:42:41.701,2026-04-19 23:15:41.701,2026-04-19,19,Evening (17-20),213,False,184.0,29,False,False,False,False,False,False,None
6F065,IndiGo,MAA,BLR,MAA - BLR,2026-04-19 19:40:41.701,2026-04-19 22:23:41.701,2026-04-19,19,Evening (17-20),163,False,177.0,-14,False,False,False,False,False,False,None
6F271,IndiGo,HYD,MAA,HYD - MAA,2026-04-19 19:33:41.702,2026-04-19 22:52:41.702,2026-04-19,19,Evening (17-20),199,False,141.0,58,False,False,True,False,False,False,None
SJ070,SpiceJet,MAA,CCU,MAA - CCU,2026-04-19 18:55:41.701,2026-04-19 20:48:41.701,2026-04-19,18,Evening (17-20),113,False,132.5,-20,False,False,False,False,False,False,None
6F007,IndiGo,HYD,MAA,HYD - MAA,2026-04-19 18:55:41.701,2026-04-19 19:54:41.701,2026-04-19,18,Evening (17-20),59,False,141.0,-82,False,False,False,False,False,False,None
UK007,Vistara,DEL,HYD,DEL - HYD,2026-04-19 18:50:41.701,2026-04-19 21:04:41.701,2026-04-19,18,Evening (17-20),134,False,177.0,-43,False,False,False,False,False,False,None
SJ192,SpiceJet,HYD,BOM,HYD - BOM,2026-04-19 18:45:42.000,2026-04-19 23:45:42.000,2026-04-19,18,Evening (17-20),300,False,150.0,150,False,False,False,True,False,True,Arrival date repaired (cross-day)
AI097,Air India,HYD,MAA,HYD - MAA,2026-04-19 18:42:41.702,2026-04-19 23:34:41.702,2026-04-19,18,Evening (17-20),292,False,141.0,151,False,False,False,False,False,False,None
6F256,IndiGo,BOM,CCU,BOM - CCU,2026-04-19 18:40:41.702,2026-04-19 19:13:41.702,2026-04-19,18,Evening (17-20),33,False,169.5,-136,False,False,True,False,False,False,None
UK047,Vistara,BLR,HYD,BLR - HYD,2026-04-19 18:40:41.701,2026-04-19 22:45:41.701,2026-04-19,18,Evening (17-20),245,False,167.0,78,False,False,False,False,False,False,None
AI024,Air India,MAA,BOM,MAA - BOM,2026-04-19 18:38:41.701,2026-04-19 19:45:41.701,2026-04-19,18,Evening (17-20),67,False,173.0,-106,False,False,False,False,False,False,None
UK113,Vistara,CCU,DEL,CCU - DEL,2026-04-19 18:34:41.702,2026-04-19 22:58:41.702,2026-04-19,18,Evening (17-20),264,False,139.5,124,False,False,False,False,False,False,None
SJ163,SpiceJet,DEL,HYD,DEL - HYD,2026-04-19 18:32:41.703,2026-04-19 23:08:41.703,2026-04-19,18,Evening (17-20),276,False,177.0,99,False,False,False,False,False,False,None
SJ208,SpiceJet,DEL,HYD,DEL - HYD,2026-04-19 18:32:41.703,2026-04-19 19:33:41.703,2026-04-19,18,Evening (17-20),61,False,177.0,-116,False,False,False,False,False,False,None
SJ221,SpiceJet,MAA,HYD,MAA - HYD,2026-04-19 18:31:41.703,2026-04-19 23:17:41.703,2026-04-19,18,Evening (17-20),286,False,164.0,122,False,False,False,False,False,False,None
SJ084,SpiceJet,HYD,MAA,HYD - MAA,2026-04-19 18:31:41.702,2026-04-19 19:30:41.702,2026-04-19,18,Evening (17-20),59,False,141.0,-82,False,False,False,False,False,False,None
6F127,IndiGo,HYD,BOM,HYD - BOM,2026-04-19 18:27:41.702,2026-04-19 22:28:41.702,2026-04-19,18,Evening (17-20),241,False,150.0,91,False,False,False,False,False,False,None
AI122,Air India,BOM,CCU,BOM - CCU,2026-04-19 18:25:41.702,2026-04-19 22:36:41.702,2026-04-19,18,Evening (17-20),251,False,169.5,82,False,False,False,False,False,False,None
AI139,Air India,HYD,MAA,HYD - MAA,2026-04-19 18:23:41.702,2026-04-19 19:24:41.702,2026-04-19,18,Evening (17-20),61,False,141.0,-80,False,False,False,False,False,False,None
UK149,Vistara,MAA,DEL,MAA - DEL,2026-04-19 18:22:41.703,2026-04-19 23:08:41.703,2026-04-19,18,Evening (17-20),286,False,175.5,110,False,False,False,False,False,False,None
AI149,Air India,BOM,HYD,BOM - HYD,2026-04-19 18:19:41.703,2026-04-19 21:36:41.703,2026-04-19,18,Evening (17-20),197,False,207.5,-10,False,False,False,False,False,False,None
SJ243,SpiceJet,BLR,DEL,BLR - DEL,2026-04-19 18:17:41.704,2026-04-19 23:03:41.704,2026-04-19,18,Evening (17-20),286,False,125.0,161,False,False,False,False,False,False,None
AI053,Air India,CCU,DEL,CCU - DEL,2026-04-19 18:04:41.701,2026-04-19 22:19:41.701,2026-04-19,18,Evening (17-20),255,False,139.5,116,False,False,False,False,False,False,None
UK061,Vistara,BLR,BOM,BLR - BOM,2026-04-19 17:58:41.701,2026-04-19 19:48:41.701,2026-04-19,17,Evening (17-20),110,False,140.5,-30,False,False,False,False,False,False,None
SJ004,SpiceJet,MAA,DEL,MAA - DEL,2026-04-19 17:52:41.701,2026-04-19 21:01:41.701,2026-04-19,17,Evening (17-20),189,False,175.5,14,False,False,False,False,False,False,None
AI173,Air India,HYD,DEL,HYD - DEL,2026-04-19 17:36:41.703,2026-04-19 22:27:41.703,2026-04-19,17,Evening (17-20),291,False,196.5,94,False,False,False,False,False,False,None
6F085,IndiGo,HYD,MAA,HYD - MAA,2026-04-19 17:32:41.702,2026-04-19 19:32:42.000,2026-04-19,17,Evening (17-20),120,False,141.0,-21,False,False,False,False,False,False,None
AI252,Air India,HYD,DEL,HYD - DEL,2026-04-19 17:30:41.704,2026-04-19 21:54:41.704,2026-04-19,17,Evening (17-20),264,False,196.5,68,False,False,True,False,False,False,None
SJ109,SpiceJet,BOM,DEL,BOM - DEL,2026-04-19 17:24:41.702,2026-04-19 20:28:41.702,2026-04-19,17,Evening (17-20),184,False,157.0,27,False,False,False,False,False,False,None
UK123,Vistara,BOM,DEL,BOM - DEL,2026-04-19 17:24:41.702,2026-04-19 20:18:41.702,2026-04-19,17,Evening (17-20),174,False,157.0,17,False,False,False,False,False,False,None
6F125,IndiGo,BOM,CCU,BOM - CCU,2026-04-19 17:09:41.702,2026-04-19 21:13:41.702,2026-04-19,17,Evening (17-20),244,False,169.5,74,False,False,False,False,False,False,None
UK183,Vistara,BLR,CCU,BLR - CCU,2026-04-19 17:07:41.703,2026-04-19 18:30:41.703,2026-04-19,17,Evening (17-20),83,False,97.0,-14,False,False,False,False,False,False,None
AI110,Air India,BOM,CCU,BOM - CCU,2026-04-19 17:07:41.702,2026-04-19 22:00:41.702,2026-04-19,17,Evening (17-20),293,False,169.5,124,False,False,False,False,False,False,None
UK105,Vistara,CCU,HYD,CCU - HYD,2026-04-19 17:04:41.702,2026-04-19 18:11:41.702,2026-04-19,17,Evening (17-20),67,False,150.0,-83,False,False,False,False,False,False,None
6F128,IndiGo,HYD,DEL,HYD - DEL,2026-04-19 16:56:41.702,2026-04-19 18:03:41.702,2026-04-19,16,Afternoon (12-16),67,False,196.5,-130,False,False,False,False,False,False,None
6F224,IndiGo,DEL,MAA,DEL - MAA,2026-04-19 16:53:41.704,2026-04-19 18:52:41.704,2026-04-19,16,Afternoon (12-16),119,False,184.0,-65,False,False,False,False,False,False,None
SJ130,SpiceJet,BOM,DEL,BOM - DEL,2026-04-19 16:53:41.702,2026-04-19 20:53:41.702,2026-04-19,16,Afternoon (12-16),240,False,157.0,83,False,False,False,False,False,False,None
AI224,Air India,DEL,HYD,DEL - HYD,2026-04-19 16:51:41.703,2026-04-19 21:36:41.703,2026-04-19,16,Afternoon (12-16),285,False,177.0,108,False,False,False,False,False,False,None
SJ182,SpiceJet,CCU,BOM,CCU - BOM,2026-04-19 16:48:41.703,2026-04-19 17:36:41.703,2026-04-19,16,Afternoon (12-16),48,False,174.0,-126,False,False,False,False,False,False,None
UK164,Vistara,BOM,HYD,BOM - HYD,2026-04-19 16:46:41.703,2026-04-19 21:10:41.703,2026-04-19,16,Afternoon (12-16),264,False,207.5,56,False,False,False,False,False,False,None
AI161,Air India,CCU,BOM,CCU - BOM,2026-04-19 16:40:41.703,2026-04-19 19:40:41.703,2026-04-19,16,Afternoon (12-16),180,False,174.0,6,False,False,False,False,False,False,None
6F206,IndiGo,DEL,BOM,DEL - BOM,2026-04-19 16:39:41.703,2026-04-19 20:59:41.703,2026-04-19,16,Afternoon (12-16),260,False,176.0,84,False,False,False,False,False,False,None
SJ204,SpiceJet,CCU,DEL,CCU - DEL,2026-04-19 16:34:41.703,2026-04-19 18:15:41.703,2026-04-19,16,Afternoon (12-16),101,False,139.5,-38,False,False,False,False,False,False,None
AI206,Air India,CCU,MAA,CCU - MAA,2026-04-19 16:30:41.703,2026-04-19 20:01:41.703,2026-04-19,16,Afternoon (12-16),211,False,165.0,46,False,False,False,False,False,False,None
6F140,IndiGo,CCU,HYD,CCU - HYD,2026-04-19 16:30:41.702,2026-04-19 18:21:41.702,2026-04-19,16,Afternoon (12-16),111,False,150.0,-39,False,False,False,False,False,False,None
6F253,IndiGo,MAA,BLR,MAA - BLR,2026-04-19 16:26:41.703,2026-04-19 18:24:41.703,2026-04-19,16,Afternoon (12-16),118,False,177.0,-59,False,False,True,False,False,False,None
SJ203,SpiceJet,DEL,HYD,DEL - HYD,2026-04-19 16:22:41.703,2026-04-19 18:27:41.703,2026-04-19,16,Afternoon (12-16),125,False,177.0,-52,False,False,True,False,False,False,None
SJ161,SpiceJet,MAA,BLR,MAA - BLR,2026-04-19 16:22:41.703,2026-04-19 17:04:41.703,2026-04-19,16,Afternoon (12-16),42,False,177.0,-135,False,False,False,False,False,False,None
AI098,Air India,HYD,MAA,HYD - MAA,2026-04-19 16:01:41.702,2026-04-19 18:11:41.702,2026-04-19,16,Afternoon (12-16),130,False,141.0,-11,False,False,False,False,False,False,None
AI168,Air India,DEL,CCU,DEL - CCU,2026-04-19 15:50:41.703,2026-04-19 20:20:41.703,2026-04-19,15,Afternoon (12-16),270,False,144.0,126,False,False,True,False,False,False,None
UK190,Vistara,DEL,BLR,DEL - BLR,2026-04-19 15:49:41.703,2026-04-19 18:53:41.703,2026-04-19,15,Afternoon (12-16),184,False,191.0,-7,False,False,False,False,False,False,None
AI085,Air India,DEL,HYD,DEL - HYD,2026-04-19 15:45:41.702,2026-04-19 20:33:41.702,2026-04-19,15,Afternoon (12-16),288,False,177.0,111,False,False,False,False,False,False,None
AI076,Air India,BLR,BOM,BLR - BOM,2026-04-19 15:37:41.702,2026-04-19 16:12:41.702,2026-04-19,15,Afternoon (12-16),35,False,140.5,-106,False,False,False,False,False,False,None
UK130,Vistara,MAA,BLR,MAA - BLR,2026-04-19 15:36:41.702,2026-04-19 19:43:41.702,2026-04-19,15,Afternoon (12-16),247,False,177.0,70,False,False,False,False,False,False,None
6F038,IndiGo,HYD,MAA,HYD - MAA,2026-04-19 15:36:41.701,2026-04-19 19:33:41.701,2026-04-19,15,Afternoon (12-16),237,False,141.0,96,False,False,False,False,False,False,None
UK110,Vistara,HYD,DEL,HYD - DEL,2026-04-19 15:26:41.702,2026-04-19 20:13:41.702,2026-04-19,15,Afternoon (12-16),287,False,196.5,90,False,False,False,False,False,False,None
SJ013,SpiceJet,DEL,MAA,DEL - MAA,2026-04-19 15:25:41.701,2026-04-19 19:54:41.701,2026-04-19,15,Afternoon (12-16),269,False,184.0,85,False,False,False,False,False,False,None
AI039,Air India,MAA,BLR,MAA - BLR,2026-04-19 15:24:41.701,2026-04-19 18:56:41.701,2026-04-19,15,Afternoon (12-16),212,False,177.0,35,False,False,False,False,False,False,None
AI248,Air India,CCU,DEL,CCU - DEL,2026-04-19 15:17:41.704,2026-04-19 16:35:41.704,2026-04-19,15,Afternoon (12-16),78,False,139.5,-62,False,False,False,False,False,False,None
6F199,IndiGo,DEL,MAA,DEL - MAA,2026-04-19 15:15:41.703,2026-04-19 17:32:41.703,2026-04-19,15,Afternoon (12-16),137,False,184.0,-47,False,False,False,False,False,False,None
AI225,Air India,BOM,BLR,BOM - BLR,2026-04-19 15:05:41.703,2026-04-19 16:01:41.703,2026-04-19,15,Afternoon (12-16),56,False,170.0,-114,False,False,False,False,False,False,None
SJ028,SpiceJet,CCU,BOM,CCU - BOM,2026-04-19 15:04:41.701,2026-04-19 19:32:41.701,2026-04-19,15,Afternoon (12-16),268,False,174.0,94,False,False,False,False,False,False,None
SJ012,SpiceJet,HYD,BLR,HYD - BLR,2026-04-19 15:01:41.701,2026-04-19 16:12:41.701,2026-04-19,15,Afternoon (12-16),71,False,136.0,-65,False,False,False,False,False,False,None
SJ131,SpiceJet,MAA,HYD,MAA - HYD,2026-04-19 15:00:41.702,2026-04-19 16:07:41.702,2026-04-19,15,Afternoon (12-16),67,False,164.0,-97,False,False,False,False,False,False,None
AI010,Air India,BOM,HYD,BOM - HYD,2026-04-19 15:00:41.701,2026-04-19 19:48:41.701,2026-04-19,15,Afternoon (12-16),288,False,207.5,80,False,False,False,False,False,False,None
6F020,IndiGo,BOM,HYD,BOM - HYD,2026-04-19 14:58:41.701,2026-04-19 16:43:41.701,2026-04-19,14,Afternoon (12-16),105,False,207.5,-102,False,False,False,False,False,False,None
SJ038,SpiceJet,BLR,DEL,BLR - DEL,2026-04-19 14:57:41.701,2026-04-19 17:46:41.701,2026-04-19,14,Afternoon (12-16),169,False,125.0,44,False,False,False,False,False,False,None
UK204,Vistara,BLR,DEL,BLR - DEL,2026-04-19 14:46:41.703,2026-04-19 16:24:41.703,2026-04-19,14,Afternoon (12-16),98,False,125.0,-27,False,False,False,False,False,False,None
AI036,Air India,BOM,CCU,BOM - CCU,2026-04-19 14:45:41.701,2026-04-19 16:16:41.701,2026-04-19,14,Afternoon (12-16),91,False,169.5,-78,False,False,False,False,False,False,None
AI100,Air India,CCU,BOM,CCU - BOM,2026-04-19 14:42:41.702,2026-04-19 18:22:41.702,2026-04-19,14,Afternoon (12-16),220,False,174.0,46,False,False,True,False,False,False,None
SJ215,SpiceJet,CCU,DEL,CCU - DEL,2026-04-19 14:37:41.703,2026-04-19 16:12:41.703,2026-04-19,14,Afternoon (12-16),95,False,139.5,-44,False,False,False,False,False,False,None
UK155,Vistara,MAA,HYD,MAA - HYD,2026-04-19 14:34:41.703,2026-04-19 18:37:41.703,2026-04-19,14,Afternoon (12-16),243,False,164.0,79,False,False,False,False,False,False,None
SJ173,SpiceJet,CCU,HYD,CCU - HYD,2026-04-19 14:27:41.703,2026-04-19 16:09:41.703,2026-04-19,14,Afternoon (12-16),102,False,150.0,-48,False,False,False,False,False,False,None
UK179,Vistara,DEL,HYD,DEL - HYD,2026-04-19 14:25:41.703,2026-04-19 19:15:41.703,2026-04-19,14,Afternoon (12-16),290,False,177.0,113,False,False,False,False,False,False,None
UK221,Vistara,CCU,DEL,CCU - DEL,2026-04-19 14:18:41.704,2026-04-19 18:44:41.704,2026-04-19,14,Afternoon (12-16),266,False,139.5,126,False,False,False,False,False,False,None
UK023,Vistara,DEL,MAA,DEL - MAA,2026-04-19 14:15:41.701,2026-04-19 19:03:41.701,2026-04-19,14,Afternoon (12-16),288,False,184.0,104,False,False,False,False,False,False,None
SJ107,SpiceJet,BOM,MAA,BOM - MAA,2026-04-19 14:10:41.702,2026-04-19 18:38:41.702,2026-04-19,14,Afternoon (12-16),268,False,180.0,88,False,False,False,False,False,False,None
AI073,Air India,BOM,BLR,BOM - BLR,2026-04-19 14:08:41.702,2026-04-19 16:10:41.702,2026-04-19,14,Afternoon (12-16),122,False,170.0,-48,False,False,False,False,False,False,None
SJ187,SpiceJet,MAA,BLR,MAA - BLR,2026-04-19 14:07:41.703,2026-04-19 17:30:41.703,2026-04-19,14,Afternoon (12-16),203,False,177.0,26,False,False,False,False,False,False,None
UK058,Vistara,MAA,BOM,MAA - BOM,2026-04-19 13:46:41.701,2026-04-19 17:04:41.701,2026-04-19,13,Afternoon (12-16),198,False,173.0,25,False,False,False,False,False,False,None
SJ063,SpiceJet,MAA,BOM,MAA - BOM,2026-04-19 13:38:41.701,2026-04-19 15:23:41.701,2026-04-19,13,Afternoon (12-16),105,False,173.0,-68,False,False,False,False,False,False,None
SJ062,SpiceJet,BLR,HYD,BLR - HYD,2026-04-19 13:37:41.701,2026-04-19 17:06:41.701,2026-04-19,13,Afternoon (12-16),209,False,167.0,42,False,False,False,False,False,False,None
UK048,Vistara,MAA,DEL,MAA - DEL,2026-04-19 13:36:41.701,2026-04-19 18:21:41.701,2026-04-19,13,Afternoon (12-16),285,False,175.5,110,False,False,False,False,False,False,None
AI181,Air India,MAA,HYD,MAA - HYD,2026-04-19 13:29:41.703,2026-04-19 16:55:41.703,2026-04-19,13,Afternoon (12-16),206,False,164.0,42,False,False,False,False,False,False,None
AI003,Air India,BLR,HYD,BLR - HYD,2026-04-19 13:27:41.701,2026-04-19 16:55:41.701,2026-04-19,13,Afternoon (12-16),208,False,167.0,41,False,False,False,False,False,False,None
6F041,IndiGo,MAA,BOM,MAA - BOM,2026-04-19 13:19:41.701,2026-04-19 16:48:41.701,2026-04-19,13,Afternoon (12-16),209,False,173.0,36,False,False,False,False,False,False,None
6F175,IndiGo,MAA,CCU,MAA - CCU,2026-04-19 13:18:41.703,2026-04-19 15:13:41.703,2026-04-19,13,Afternoon (12-16),115,False,132.5,-18,False,False,False,False,False,False,None
6F013,IndiGo,BOM,CCU,BOM - CCU,2026-04-19 13:15:41.701,2026-04-19 18:05:41.701,2026-04-19,13,Afternoon (12-16),290,False,169.5,120,False,False,False,False,False,False,None
SJ040,SpiceJet,BOM,CCU,BOM - CCU,2026-04-19 13:12:41.701,2026-04-19 16:44:41.701,2026-04-19,13,Afternoon (12-16),212,False,169.5,42,False,False,False,False,False,False,None
SJ016,SpiceJet,HYD,CCU,HYD - CCU,2026-04-19 13:01:41.701,2026-04-19 16:26:41.701,2026-04-19,13,Afternoon (12-16),205,False,177.0,28,False,False,False,False,False,False,None
6F135,IndiGo,MAA,HYD,MAA - HYD,2026-04-19 12:59:41.702,2026-04-19 13:45:41.702,2026-04-19,12,Afternoon (12-16),46,False,164.0,-118,False,False,False,False,False,False,None
6F150,IndiGo,HYD,MAA,HYD - MAA,2026-04-19 12:55:41.703,2026-04-19 16:53:41.703,2026-04-19,12,Afternoon (12-16),238,False,141.0,97,False,False,False,False,False,False,None
AI083,Air India,DEL,BOM,DEL - BOM,2026-04-19 12:54:41.702,2026-04-19 13:37:41.702,2026-04-19,12,Afternoon (12-16),43,False,176.0,-133,False,False,False,False,False,False,None
SJ166,SpiceJet,CCU,HYD,CCU - HYD,2026-04-19 12:51:41.703,2026-04-19 16:18:41.703,2026-04-19,12,Afternoon (12-16),207,False,150.0,57,False,False,False,False,False,False,None
SJ027,SpiceJet,BOM,MAA,BOM - MAA,2026-04-19 12:50:41.701,2026-04-19 17:13:41.701,2026-04-19,12,Afternoon (12-16),263,False,180.0,83,False,False,True,False,False,False,None
6F134,IndiGo,BLR,MAA,BLR - MAA,2026-04-19 12:47:41.702,2026-04-19 14:06:41.702,2026-04-19,12,Afternoon (12-16),79,False,219.0,-140,False,False,False,False,False,False,None
UK225,Vistara,MAA,BLR,MAA - BLR,2026-04-19 12:46:41.704,2026-04-19 15:02:41.704,2026-04-19,12,Afternoon (12-16),136,False,177.0,-41,False,False,False,False,False,False,None
SJ175,SpiceJet,MAA,BLR,MAA - BLR,2026-04-19 12:46:41.703,2026-04-19 16:50:41.703,2026-04-19,12,Afternoon (12-16),244,False,177.0,67,False,False,False,False,False,False,None
AI182,Air India,HYD,DEL,HYD - DEL,2026-04-19 12:41:41.703,2026-04-19 17:14:41.703,2026-04-19,12,Afternoon (12-16),273,False,196.5,76,False,False,False,False,False,False,None
AI190,Air India,BOM,CCU,BOM - CCU,2026-04-19 12:38:41.703,2026-04-19 15:56:41.703,2026-04-19,12,Afternoon (12-16),198,False,169.5,28,False,False,False,False,False,False,None
AI120,Air India,MAA,CCU,MAA - CCU,2026-04-19 12:12:41.702,2026-04-19 14:18:41.702,2026-04-19,12,Afternoon (12-16),126,False,132.5,-6,False,False,False,False,False,False,None
6F132,IndiGo,MAA,BOM,MAA - BOM,2026-04-19 12:00:41.702,2026-04-19 13:00:42.000,2026-04-19,12,Afternoon (12-16),60,False,173.0,-113,False,False,False,False,False,False,None
UK102,Vistara,HYD,CCU,HYD - CCU,2026-04-19 11:58:41.702,2026-04-19 14:01:41.702,2026-04-19,11,Morning (06-11),123,False,177.0,-54,False,False,False,False,False,False,None
AI045,Air India,HYD,MAA,HYD - MAA,2026-04-19 11:58:41.701,2026-04-19 14:37:41.701,2026-04-19,11,Morning (06-11),159,False,141.0,18,False,False,False,False,False,False,None
UK136,Vistara,HYD,CCU,HYD - CCU,2026-04-19 11:43:41.703,2026-04-19 15:26:41.703,2026-04-19,11,Morning (06-11),223,False,177.0,46,False,False,False,False,False,False,None
SJ238,SpiceJet,MAA,BLR,MAA - BLR,2026-04-19 11:41:41.704,2026-04-19 15:39:41.704,2026-04-19,11,Morning (06-11),238,False,177.0,61,False,False,False,False,False,False,None
AI193,Air India,MAA,HYD,MAA - HYD,2026-04-19 11:33:41.703,2026-04-19 16:07:41.703,2026-04-19,11,Morning (06-11),274,False,164.0,110,False,False,False,False,False,False,None
6F001,IndiGo,HYD,BOM,HYD - BOM,2026-04-19 11:33:41.700,2026-04-19 13:08:41.700,2026-04-19,11,Morning (06-11),95,False,150.0,-55,False,False,False,False,False,False,None
6F211,IndiGo,MAA,BLR,MAA - BLR,2026-04-19 11:29:41.703,2026-04-19 16:20:41.703,2026-04-19,11,Morning (06-11),291,False,177.0,114,False,False,False,False,False,False,None
SJ199,SpiceJet,HYD,BOM,HYD - BOM,2026-04-19 11:29:41.703,2026-04-19 13:59:41.703,2026-04-19,11,Morning (06-11),150,False,150.0,0,False,False,False,False,False,False,None
SJ050,SpiceJet,HYD,CCU,HYD - CCU,2026-04-19 11:24:41.701,2026-04-19 12:03:41.701,2026-04-19,11,Morning (06-11),39,False,177.0,-138,False,False,False,False,False,False,None
UK115,Vistara,BLR,BOM,BLR - BOM,2026-04-19 11:20:41.702,2026-04-19 13:20:42.000,2026-04-19,11,Morning (06-11),120,False,140.5,-20,False,False,False,False,False,False,None
AI037,Air India,BOM,BLR,BOM - BLR,2026-04-19 11:14:41.701,2026-04-19 15:13:41.701,2026-04-19,11,Morning (06-11),239,False,170.0,69,False,False,True,False,False,False,None
6F235,IndiGo,HYD,MAA,HYD - MAA,2026-04-19 11:06:41.704,2026-04-19 13:51:41.704,2026-04-19,11,Morning (06-11),165,False,141.0,24,False,False,False,False,False,False,None
UK111,Vistara,MAA,BLR,MAA - BLR,2026-04-19 11:06:41.702,2026-04-19 12:20:41.702,2026-04-19,11,Morning (06-11),74,False,177.0,-103,False,False,False,False,False,False,None
6F005,IndiGo,BOM,MAA,BOM - MAA,2026-04-19 11:04:41.701,2026-04-19 15:27:41.701,2026-04-19,11,Morning (06-11),263,False,180.0,83,False,False,False,False,False,False,None
AI198,Air India,CCU,MAA,CCU - MAA,2026-04-19 10:56:41.703,2026-04-19 14:19:41.703,2026-04-19,10,Morning (06-11),203,False,165.0,38,False,False,False,False,False,False,None
UK184,Vistara,MAA,HYD,MAA - HYD,2026-04-19 10:49:41.703,2026-04-19 13:00:41.703,2026-04-19,10,Morning (06-11),131,False,164.0,-33,False,False,False,False,False,False,None
6F219,IndiGo,MAA,DEL,MAA - DEL,2026-04-19 10:32:41.704,2026-04-19 14:37:41.704,2026-04-19,10,Morning (06-11),245,False,175.5,70,False,False,False,False,False,False,None
UK066,Vistara,BOM,CCU,BOM - CCU,2026-04-19 10:29:41.701,2026-04-19 12:07:41.701,2026-04-19,10,Morning (06-11),98,False,169.5,-72,False,False,False,False,False,False,None
6F220,IndiGo,HYD,BOM,HYD - BOM,2026-04-19 10:27:41.704,2026-04-19 11:25:41.704,2026-04-19,10,Morning (06-11),58,False,150.0,-92,False,False,False,False,False,False,None
AI180,Air India,BOM,CCU,BOM - CCU,2026-04-19 10:19:41.703,2026-04-19 11:00:41.703,2026-04-19,10,Morning (06-11),41,False,169.5,-128,False,False,False,False,False,False,None
6F098,IndiGo,BLR,MAA,BLR - MAA,2026-04-19 10:18:41.702,2026-04-19 12:49:41.702,2026-04-19,10,Morning (06-11),151,False,219.0,-68,False,False,False,False,False,False,None
AI141,Air India,BLR,DEL,BLR - DEL,2026-04-19 10:16:41.702,2026-04-19 14:53:41.702,2026-04-19,10,Morning (06-11),277,False,125.0,152,False,False,False,False,False,False,None
SJ170,SpiceJet,BLR,BOM,BLR - BOM,2026-04-19 10:11:41.703,2026-04-19 11:56:41.703,2026-04-19,10,Morning (06-11),105,False,140.5,-36,False,False,False,False,False,False,None
SJ178,SpiceJet,BOM,HYD,BOM - HYD,2026-04-19 09:58:41.703,2026-04-19 12:27:41.703,2026-04-19,9,Morning (06-11),149,False,207.5,-58,False,False,False,False,False,False,None
6F172,IndiGo,BOM,BLR,BOM - BLR,2026-04-19 09:53:41.703,2026-04-19 14:46:41.703,2026-04-19,9,Morning (06-11),293,False,170.0,123,False,False,False,False,False,False,None
UK220,Vistara,BLR,BOM,BLR - BOM,2026-04-19 09:51:41.704,2026-04-19 13:25:41.704,2026-04-19,9,Morning (06-11),214,False,140.5,74,False,False,False,False,False,False,None
SJ148,SpiceJet,DEL,BLR,DEL - BLR,2026-04-19 09:51:41.702,2026-04-19 13:41:41.702,2026-04-19,9,Morning (06-11),230,False,191.0,39,False,False,False,False,False,False,None
UK065,Vistara,BOM,CCU,BOM - CCU,2026-04-19 09:38:41.701,2026-04-19 13:46:41.701,2026-04-19,9,Morning (06-11),248,False,169.5,78,False,False,False,False,False,False,None
6F243,IndiGo,BOM,HYD,BOM - HYD,2026-04-19 09:37:41.704,2026-04-19 10:33:41.704,2026-04-19,9,Morning (06-11),56,False,207.5,-152,False,False,False,False,False,False,None
SJ193,SpiceJet,CCU,DEL,CCU - DEL,2026-04-19 09:37:41.703,2026-04-19 12:16:41.703,2026-04-19,9,Morning (06-11),159,False,139.5,20,False,False,False,False,False,False,None
UK056,Vistara,HYD,MAA,HYD - MAA,2026-04-19 09:29:41.701,2026-04-19 10:15:41.701,2026-04-19,9,Morning (06-11),46,False,141.0,-95,False,False,False,False,False,False,None
AI219,Air India,BLR,DEL,BLR - DEL,2026-04-19 09:28:41.703,2026-04-19 11:27:41.703,2026-04-19,9,Morning (06-11),119,False,125.0,-6,False,False,True,False,False,False,None
SJ073,SpiceJet,CCU,BLR,CCU - BLR,2026-04-19 09:26:41.701,2026-04-19 11:14:41.701,2026-04-19,9,Morning (06-11),108,False,167.0,-59,False,False,False,False,False,False,None
6F052,IndiGo,BOM,CCU,BOM - CCU,2026-04-19 09:13:41.701,2026-04-19 12:02:41.701,2026-04-19,9,Morning (06-11),169,False,169.5,0,False,False,False,False,False,False,None
SJ201,SpiceJet,BLR,DEL,BLR - DEL,2026-04-19 09:10:41.703,2026-04-19 11:12:41.703,2026-04-19,9,Morning (06-11),122,False,125.0,-3,False,False,False,False,False,False,None
UK028,Vistara,HYD,MAA,HYD - MAA,2026-04-19 09:02:41.701,2026-04-19 10:37:41.701,2026-04-19,9,Morning (06-11),95,False,141.0,-46,False,False,False,False,False,False,None
SJ119,SpiceJet,BOM,CCU,BOM - CCU,2026-04-19 08:53:41.702,2026-04-19 11:29:41.702,2026-04-19,8,Morning (06-11),156,False,169.5,-14,False,False,False,False,False,False,None
AI165,Air India,DEL,CCU,DEL - CCU,2026-04-19 08:51:41.703,2026-04-19 10:31:41.703,2026-04-19,8,Morning (06-11),100,False,144.0,-44,False,False,False,False,False,False,None
AI255,Air India,MAA,CCU,MAA - CCU,2026-04-19 08:45:41.704,2026-04-19 13:12:41.704,2026-04-19,8,Morning (06-11),267,False,132.5,134,False,False,False,False,False,False,None
AI202,Air India,HYD,BLR,HYD - BLR,2026-04-19 08:44:41.703,2026-04-19 10:53:41.703,2026-04-19,8,Morning (06-11),129,False,136.0,-7,False,False,False,False,False,False,None
SJ039,SpiceJet,MAA,BOM,MAA - BOM,2026-04-19 08:41:41.701,2026-04-19 12:08:41.701,2026-04-19,8,Morning (06-11),207,False,173.0,34,False,False,False,False,False,False,None
SJ051,SpiceJet,BOM,BLR,BOM - BLR,2026-04-19 08:40:41.701,2026-04-19 12:18:41.701,2026-04-19,8,Morning (06-11),218,False,170.0,48,False,False,True,False,False,False,None
UK024,Vistara,MAA,BLR,MAA - BLR,2026-04-19 08:29:41.701,2026-04-19 13:29:41.701,2026-04-19,8,Morning (06-11),300,False,177.0,123,False,False,False,False,False,False,None
SJ006,SpiceJet,HYD,BLR,HYD - BLR,2026-04-19 08:25:41.701,2026-04-19 08:57:41.701,2026-04-19,8,Morning (06-11),32,False,136.0,-104,False,False,False,False,False,False,None
AI207,Air India,BOM,MAA,BOM - MAA,2026-04-19 08:24:41.703,2026-04-19 11:23:41.703,2026-04-19,8,Morning (06-11),179,False,180.0,-1,False,False,False,False,False,False,None
SJ168,SpiceJet,CCU,BOM,CCU - BOM,2026-04-19 08:17:41.703,2026-04-19 12:29:41.703,2026-04-19,8,Morning (06-11),252,False,174.0,78,False,False,False,False,False,False,None
AI028,Air India,HYD,BOM,HYD - BOM,2026-04-19 07:53:41.701,2026-04-19 08:35:41.701,2026-04-19,7,Morning (06-11),42,False,150.0,-108,False,False,False,False,False,False,None
6F094,IndiGo,BLR,BOM,BLR - BOM,2026-04-19 07:37:41.702,2026-04-19 09:06:41.702,2026-04-19,7,Morning (06-11),89,False,140.5,-52,False,False,False,False,False,False,None
6F024,IndiGo,BOM,DEL,BOM - DEL,2026-04-19 07:31:41.701,2026-04-19 11:17:41.701,2026-04-19,7,Morning (06-11),226,False,157.0,69,False,False,False,False,False,False,None
6F061,IndiGo,MAA,BOM,MAA - BOM,2026-04-19 07:28:41.701,2026-04-19 08:09:41.701,2026-04-19,7,Morning (06-11),41,False,173.0,-132,False,False,False,False,False,False,None
AI032,Air India,MAA,BLR,MAA - BLR,2026-04-19 07:26:41.701,2026-04-19 09:26:42.000,2026-04-19,7,Morning (06-11),120,False,177.0,-57,False,False,False,False,False,False,None
UK163,Vistara,DEL,HYD,DEL - HYD,2026-04-19 07:22:41.703,2026-04-19 09:04:41.703,2026-04-19,7,Morning (06-11),102,False,177.0,-75,False,False,False,False,False,False,None
SJ067,SpiceJet,MAA,BLR,MAA - BLR,2026-04-19 07:17:41.701,2026-04-19 08:16:41.701,2026-04-19,7,Morning (06-11),59,False,177.0,-118,False,False,False,False,False,False,None
SJ106,SpiceJet,CCU,DEL,CCU - DEL,2026-04-19 07:16:41.702,2026-04-19 09:40:41.702,2026-04-19,7,Morning (06-11),144,False,139.5,4,False,False,False,False,False,False,None
AI086,Air India,CCU,HYD,CCU - HYD,2026-04-19 07:13:41.702,2026-04-19 10:09:41.702,2026-04-19,7,Morning (06-11),176,False,150.0,26,False,False,False,False,False,False,None
6F263,IndiGo,DEL,HYD,DEL - HYD,2026-04-19 07:07:41.703,2026-04-19 08:30:41.703,2026-04-19,7,Morning (06-11),83,False,177.0,-94,False,False,True,False,False,False,None
6F163,IndiGo,MAA,BOM,MAA - BOM,2026-04-19 06:49:41.703,2026-04-19 10:46:41.703,2026-04-19,6,Morning (06-11),237,False,173.0,64,False,False,False,False,False,False,None
SJ064,SpiceJet,CCU,DEL,CCU - DEL,2026-04-19 06:29:41.701,2026-04-19 08:43:41.701,2026-04-19,6,Morning (06-11),134,False,139.5,-6,False,False,False,False,False,False,None
UK118,Vistara,HYD,BLR,HYD - BLR,2026-04-19 06:22:41.702,2026-04-19 07:22:42.000,2026-04-19,6,Morning (06-11),60,False,136.0,-76,False,False,False,False,False,False,None
UK022,Vistara,DEL,HYD,DEL - HYD,2026-04-19 06:22:41.701,2026-04-19 10:59:41.701,2026-04-19,6,Morning (06-11),277,False,177.0,100,False,False,False,False,False,False,None
UK099,Vistara,BOM,MAA,BOM - MAA,2026-04-19 06:16:41.702,2026-04-19 10:24:41.702,2026-04-19,6,Morning (06-11),248,False,180.0,68,False,False,False,False,False,False,None
6F212,IndiGo,BLR,CCU,BLR - CCU,2026-04-19 06:10:41.703,2026-04-19 10:52:41.703,2026-04-19,6,Morning (06-11),282,False,97.0,185,False,False,False,False,False,False,None
AI023,Air India,HYD,BLR,HYD - BLR,2026-04-19 06:10:41.701,2026-04-19 09:35:41.701,2026-04-19,6,Morning (06-11),205,False,136.0,69,False,False,False,False,False,False,None
SJ245,SpiceJet,BOM,DEL,BOM - DEL,2026-04-19 06:07:41.704,2026-04-19 09:39:41.704,2026-04-19,6,Morning (06-11),212,False,157.0,55,False,False,False,False,False,False,None
6F066,IndiGo,BLR,HYD,BLR - HYD,2026-04-19 06:07:41.701,2026-04-19 07:43:41.701,2026-04-19,6,Morning (06-11),96,False,167.0,-71,False,False,False,False,False,False,None
AI138,Air India,DEL,CCU,DEL - CCU,2026-04-19 05:50:41.702,2026-04-19 06:40:41.702,2026-04-19,5,Night (00-05),50,False,144.0,-94,False,False,False,False,False,False,None
SJ021,SpiceJet,HYD,BLR,HYD - BLR,2026-04-19 05:48:41.701,2026-04-19 09:46:41.701,2026-04-19,5,Night (00-05),238,False,136.0,102,False,False,False,False,False,False,None
SJ136,SpiceJet,HYD,BLR,HYD - BLR,2026-04-19 05:45:41.702,2026-04-19 08:04:41.702,2026-04-19,5,Night (00-05),139,False,136.0,3,False,False,False,False,False,False,None
AI148,Air India,HYD,MAA,HYD - MAA,2026-04-19 05:41:41.703,2026-04-19 08:32:41.703,2026-04-19,5,Night (00-05),171,False,141.0,30,False,False,False,False,False,False,None
SJ014,SpiceJet,BOM,HYD,BOM - HYD,2026-04-19 05:40:41.701,2026-04-19 06:39:41.701,2026-04-19,5,Night (00-05),59,False,207.5,-148,False,False,False,False,False,False,None
6F104,IndiGo,CCU,BOM,CCU - BOM,2026-04-19 05:39:41.702,2026-04-19 06:14:41.702,2026-04-19,5,Night (00-05),35,False,174.0,-139,False,False,False,False,False,False,None
SJ121,SpiceJet,CCU,DEL,CCU - DEL,2026-04-19 05:32:41.702,2026-04-19 06:47:41.702,2026-04-19,5,Night (00-05),75,False,139.5,-64,False,False,False,False,False,False,None
UK174,Vistara,CCU,DEL,CCU - DEL,2026-04-19 05:27:41.703,2026-04-19 07:47:41.703,2026-04-19,5,Night (00-05),140,False,139.5,0,False,False,False,False,False,False,None
AI033,Air India,MAA,CCU,MAA - CCU,2026-04-19 05:25:41.701,2026-04-19 10:21:41.701,2026-04-19,5,Night (00-05),296,False,132.5,164,False,False,False,False,False,False,None
SJ122,SpiceJet,CCU,BOM,CCU - BOM,2026-04-19 05:22:41.702,2026-04-19 10:09:41.702,2026-04-19,5,Night (00-05),287,False,174.0,113,False,False,False,False,False,False,None
UK095,Vistara,BOM,MAA,BOM - MAA,2026-04-19 05:22:41.702,2026-04-19 07:36:41.702,2026-04-19,5,Night (00-05),134,False,180.0,-46,False,False,False,False,False,False,None
SJ026,SpiceJet,CCU,MAA,CCU - MAA,2026-04-19 05:22:41.701,2026-04-19 09:40:41.701,2026-04-19,5,Night (00-05),258,False,165.0,93,False,False,False,False,False,False,None
6F221,IndiGo,MAA,DEL,MAA - DEL,2026-04-19 05:20:41.704,2026-04-19 08:52:41.704,2026-04-19,5,Night (00-05),212,False,175.5,36,False,False,False,False,False,False,None
SJ103,SpiceJet,MAA,BLR,MAA - BLR,2026-04-19 05:16:41.702,2026-04-19 08:56:41.702,2026-04-19,5,Night (00-05),220,False,177.0,43,False,False,False,False,False,False,None
SJ011,SpiceJet,BOM,MAA,BOM - MAA,2026-04-19 05:14:41.701,2026-04-19 09:59:41.701,2026-04-19,5,Night (00-05),285,False,180.0,105,False,False,False,False,False,False,None
AI002,Air India,HYD,BLR,HYD - BLR,2026-04-19 05:12:41.700,2026-04-19 07:12:41.700,2026-04-19,5,Night (00-05),120,False,136.0,-16,False,False,False,False,False,False,None
AI046,Air India,DEL,BOM,DEL - BOM,2026-04-19 05:09:41.701,2026-04-19 08:00:41.701,2026-04-19,5,Night (00-05),171,False,176.0,-5,False,False,True,False,False,False,None
SJ053,SpiceJet,CCU,DEL,CCU - DEL,2026-04-19 05:00:41.701,2026-04-19 06:38:41.701,2026-04-19,5,Night (00-05),98,False,139.5,-42,False,False,False,False,False,False,None
AI236,Air India,DEL,BOM,DEL - BOM,2026-04-19 04:52:41.704,2026-04-19 09:11:41.704,2026-04-19,4,Night (00-05),259,False,176.0,83,False,False,False,False,False,False,None
AI254,Air India,CCU,HYD,CCU - HYD,2026-04-19 04:46:41.704,2026-04-19 08:06:41.704,2026-04-19,4,Night (00-05),200,False,150.0,50,False,False,False,False,False,False,None
6F063,IndiGo,DEL,HYD,DEL - HYD,2026-04-19 04:42:41.701,2026-04-19 07:31:41.701,2026-04-19,4,Night (00-05),169,False,177.0,-8,False,False,False,False,False,False,None
6F115,IndiGo,MAA,BLR,MAA - BLR,2026-04-19 04:41:41.702,2026-04-19 06:23:41.702,2026-04-19,4,Night (00-05),102,False,177.0,-75,False,False,False,False,False,False,None
UK070,Vistara,BOM,DEL,BOM - DEL,2026-04-19 04:36:41.701,2026-04-19 06:49:41.701,2026-04-19,4,Night (00-05),133,False,157.0,-24,False,False,False,False,False,False,None
SJ147,SpiceJet,BLR,CCU,BLR - CCU,2026-04-19 04:30:41.702,2026-04-19 08:52:41.702,2026-04-19,4,Night (00-05),262,False,97.0,165,False,False,False,False,False,False,None
UK201,Vistara,HYD,BOM,HYD - BOM,2026-04-19 04:29:41.703,2026-04-19 06:42:41.703,2026-04-19,4,Night (00-05),133,False,150.0,-17,False,False,False,False,False,False,None
SJ234,SpiceJet,BLR,CCU,BLR - CCU,2026-04-19 04:20:41.704,2026-04-19 06:23:41.704,2026-04-19,4,Night (00-05),123,False,97.0,26,False,False,False,False,False,False,None
AI176,Air India,BLR,DEL,BLR - DEL,2026-04-19 04:20:41.703,2026-04-19 06:25:41.703,2026-04-19,4,Night (00-05),125,False,125.0,0,False,False,False,False,False,False,None
SJ045,SpiceJet,DEL,MAA,DEL - MAA,2026-04-19 04:16:41.701,2026-04-19 09:03:41.701,2026-04-19,4,Night (00-05),287,False,184.0,103,False,False,False,False,False,False,None
SJ174,SpiceJet,CCU,DEL,CCU - DEL,2026-04-19 04:09:41.703,2026-04-19 05:04:41.703,2026-04-19,4,Night (00-05),55,False,139.5,-84,False,False,False,False,False,False,None
AI007,Air India,MAA,DEL,MAA - DEL,2026-04-19 04:01:41.701,2026-04-19 06:01:42.000,2026-04-19,4,Night (00-05),120,False,175.5,-56,False,False,False,False,False,False,None
AI143,Air India,CCU,DEL,CCU - DEL,2026-04-19 03:58:41.702,2026-04-19 04:36:41.702,2026-04-19,3,Night (00-05),38,False,139.5,-102,False,False,False,False,False,False,None
SJ241,SpiceJet,DEL,HYD,DEL - HYD,2026-04-19 03:57:41.704,2026-04-19 06:36:41.704,2026-04-19,3,Night (00-05),159,False,177.0,-18,False,False,False,False,False,False,None
AI020,Air India,BOM,BLR,BOM - BLR,2026-04-19 03:53:41.701,2026-04-19 06:21:41.701,2026-04-19,3,Night (00-05),148,False,170.0,-22,False,False,True,False,False,False,None
UK031,Vistara,CCU,DEL,CCU - DEL,2026-04-19 03:45:41.701,2026-04-19 07:20:41.701,2026-04-19,3,Night (00-05),215,False,139.5,76,False,False,False,False,False,False,None
AI013,Air India,HYD,BLR,HYD - BLR,2026-04-19 03:41:41.701,2026-04-19 04:58:41.701,2026-04-19,3,Night (00-05),77,False,136.0,-59,False,False,False,False,False,False,None
AI249,Air India,BLR,HYD,BLR - HYD,2026-04-19 03:38:41.704,2026-04-19 06:27:41.704,2026-04-19,3,Night (00-05),169,False,167.0,2,False,False,False,False,False,False,None
UK046,Vistara,CCU,DEL,CCU - DEL,2026-04-19 03:37:41.701,2026-04-19 06:05:41.701,2026-04-19,3,Night (00-05),148,False,139.5,8,False,False,False,False,False,False,None
UK168,Vistara,BLR,CCU,BLR - CCU,2026-04-19 03:20:41.703,2026-04-19 04:09:41.703,2026-04-19,3,Night (00-05),49,False,97.0,-48,False,False,False,False,False,False,None
AI022,Air India,BOM,MAA,BOM - MAA,2026-04-19 03:15:41.701,2026-04-19 05:10:41.701,2026-04-19,3,Night (00-05),115,False,180.0,-65,False,False,False,False,False,False,None
UK218,Vistara,MAA,BLR,MAA - BLR,2026-04-19 03:12:41.704,2026-04-19 07:22:41.704,2026-04-19,3,Night (00-05),250,False,177.0,73,False,False,False,False,False,False,None
UK142,Vistara,BLR,DEL,BLR - DEL,2026-04-19 03:03:41.703,2026-04-19 07:13:41.703,2026-04-19,3,Night (00-05),250,False,125.0,125,False,False,False,False,False,False,None
6F067,IndiGo,MAA,BLR,MAA - BLR,2026-04-19 02:59:41.701,2026-04-19 06:02:41.701,2026-04-19,2,Night (00-05),183,False,177.0,6,False,False,False,False,False,False,None
SJ217,SpiceJet,BOM,CCU,BOM - CCU,2026-04-19 02:57:41.703,2026-04-19 06:04:41.703,2026-04-19,2,Night (00-05),187,False,169.5,18,False,False,False,False,False,False,None
SJ143,SpiceJet,DEL,BOM,DEL - BOM,2026-04-19 02:55:41.702,2026-04-19 03:52:41.702,2026-04-19,2,Night (00-05),57,False,176.0,-119,False,False,False,False,False,False,None
AI243,Air India,BLR,BOM,BLR - BOM,2026-04-19 02:50:41.704,2026-04-19 05:09:41.704,2026-04-19,2,Night (00-05),139,False,140.5,-2,False,False,True,False,False,False,None
SJ246,SpiceJet,BOM,DEL,BOM - DEL,2026-04-19 02:47:41.704,2026-04-19 03:47:42.000,2026-04-19,2,Night (00-05),60,False,157.0,-97,False,False,False,False,False,False,None
6F170,IndiGo,HYD,DEL,HYD - DEL,2026-04-19 02:44:41.703,2026-04-19 04:14:41.703,2026-04-19,2,Night (00-05),90,False,196.5,-106,False,False,False,False,False,False,None
UK157,Vistara,CCU,BOM,CCU - BOM,2026-04-19 02:41:41.703,2026-04-19 03:41:42.000,2026-04-19,2,Night (00-05),60,False,174.0,-114,False,False,False,False,False,False,None
UK172,Vistara,DEL,BOM,DEL - BOM,2026-04-19 02:20:41.703,2026-04-19 05:21:41.703,2026-04-19,2,Night (00-05),181,False,176.0,5,False,False,False,False,False,False,None
SJ139,SpiceJet,DEL,BLR,DEL - BLR,2026-04-19 02:20:41.702,2026-04-19 06:02:41.702,2026-04-19,2,Night (00-05),222,False,191.0,31,False,False,False,False,False,False,None
UK085,Vistara,MAA,DEL,MAA - DEL,2026-04-19 02:15:41.702,2026-04-19 03:17:41.702,2026-04-19,2,Night (00-05),62,False,175.5,-114,False,False,False,False,False,False,None
6F079,IndiGo,MAA,HYD,MAA - HYD,2026-04-19 02:14:41.702,2026-04-19 06:18:41.702,2026-04-19,2,Night (00-05),244,False,164.0,80,False,False,False,False,False,False,None
SJ032,SpiceJet,MAA,BOM,MAA - BOM,2026-04-19 02:11:41.701,2026-04-19 04:33:41.701,2026-04-19,2,Night (00-05),142,False,173.0,-31,False,False,False,False,False,False,None
6F182,IndiGo,BOM,CCU,BOM - CCU,2026-04-19 02:10:41.703,2026-04-19 04:18:41.703,2026-04-19,2,Night (00-05),128,False,169.5,-42,False,False,False,False,False,False,None
AI106,Air India,HYD,BLR,HYD - BLR,2026-04-19 02:07:41.702,2026-04-19 03:20:41.702,2026-04-19,2,Night (00-05),73,False,136.0,-63,False,False,False,False,False,False,None
AI200,Air India,HYD,MAA,HYD - MAA,2026-04-19 02:05:41.703,2026-04-19 05:29:41.703,2026-04-19,2,Night (00-05),204,False,141.0,63,False,False,False,False,False,False,None
6F142,IndiGo,CCU,MAA,CCU - MAA,2026-04-19 02:05:41.702,2026-04-19 06:04:41.702,2026-04-19,2,Night (00-05),239,False,165.0,74,False,False,False,False,False,False,None
SJ079,SpiceJet,HYD,DEL,HYD - DEL,2026-04-19 01:58:41.702,2026-04-19 05:02:41.702,2026-04-19,1,Night (00-05),184,False,196.5,-12,False,False,False,False,False,False,None
SJ082,SpiceJet,BOM,DEL,BOM - DEL,2026-04-19 01:54:41.702,2026-04-19 02:33:41.702,2026-04-19,1,Night (00-05),39,False,157.0,-118,False,False,False,False,False,False,None
SJ110,SpiceJet,CCU,DEL,CCU - DEL,2026-04-19 01:47:41.702,2026-04-19 02:20:41.702,2026-04-19,1,Night (00-05),33,False,139.5,-106,False,False,False,False,False,False,None
6F262,IndiGo,MAA,DEL,MAA - DEL,2026-04-19 01:44:41.702,2026-04-19 02:47:41.702,2026-04-19,1,Night (00-05),63,False,175.5,-112,False,False,True,False,False,False,None
UK143,Vistara,BLR,BOM,BLR - BOM,2026-04-19 01:34:41.703,2026-04-19 02:48:41.703,2026-04-19,1,Night (00-05),74,False,140.5,-66,False,False,False,False,False,False,None
6F269,IndiGo,HYD,MAA,HYD - MAA,2026-04-19 01:30:41.702,2026-04-19 02:52:41.702,2026-04-19,1,Night (00-05),82,False,141.0,-59,False,False,True,False,False,False,None
6F214,IndiGo,BOM,CCU,BOM - CCU,2026-04-19 01:21:41.703,2026-04-19 05:20:41.703,2026-04-19,1,Night (00-05),239,False,169.5,70,False,False,False,False,False,False,None
SJ213,SpiceJet,BOM,CCU,BOM - CCU,2026-04-19 01:19:41.703,2026-04-19 04:48:41.703,2026-04-19,1,Night (00-05),209,False,169.5,40,False,False,False,False,False,False,None
SJ072,SpiceJet,DEL,HYD,DEL - HYD,2026-04-19 01:18:41.701,2026-04-19 04:08:41.701,2026-04-19,1,Night (00-05),170,False,177.0,-7,False,False,False,False,False,False,None
6F059,IndiGo,BOM,DEL,BOM - DEL,2026-04-19 01:12:41.701,2026-04-19 06:02:41.701,2026-04-19,1,Night (00-05),290,False,157.0,133,False,False,False,False,False,False,None
UK202,Vistara,DEL,HYD,DEL - HYD,2026-04-19 01:11:41.703,2026-04-19 05:37:41.703,2026-04-19,1,Night (00-05),266,False,177.0,89,False,False,False,False,False,False,None
UK037,Vistara,BLR,BOM,BLR - BOM,2026-04-19 01:10:41.701,2026-04-19 05:12:41.701,2026-04-19,1,Night (00-05),242,False,140.5,102,False,False,False,False,False,False,None
UK069,Vistara,CCU,DEL,CCU - DEL,2026-04-19 01:10:41.701,2026-04-19 03:23:41.701,2026-04-19,1,Night (00-05),133,False,139.5,-6,False,False,False,False,False,False,None
SJ118,SpiceJet,DEL,BOM,DEL - BOM,2026-04-19 01:08:41.702,2026-04-19 02:33:41.702,2026-04-19,1,Night (00-05),85,False,176.0,-91,False,False,False,False,False,False,None
6F145,IndiGo,CCU,DEL,CCU - DEL,2026-04-19 01:02:41.703,2026-04-19 02:18:41.703,2026-04-19,1,Night (00-05),76,False,139.5,-64,False,False,False,False,False,False,None
UK097,Vistara,HYD,BOM,HYD - BOM,2026-04-19 00:49:41.702,2026-04-19 05:00:41.702,2026-04-19,0,Night (00-05),251,False,150.0,101,False,False,False,False,False,False,None
6F117,IndiGo,CCU,DEL,CCU - DEL,2026-04-19 00:46:41.702,2026-04-19 01:51:41.702,2026-04-19,0,Night (00-05),65,False,139.5,-74,False,False,False,False,False,False,None
6F226,IndiGo,DEL,BOM,DEL - BOM,2026-04-19 00:38:41.704,2026-04-19 02:55:41.704,2026-04-19,0,Night (00-05),137,False,176.0,-39,False,False,False,False,False,False,None
6F050,IndiGo,DEL,BOM,DEL - BOM,2026-04-19 00:35:41.701,2026-04-19 04:32:41.701,2026-04-19,0,Night (00-05),237,False,176.0,61,False,False,False,False,False,False,None
UK196,Vistara,BOM,HYD,BOM - HYD,2026-04-19 00:32:41.703,2026-04-19 04:49:41.703,2026-04-19,0,Night (00-05),257,False,207.5,50,False,False,False,False,False,False,None
SJ086,SpiceJet,CCU,DEL,CCU - DEL,2026-04-19 00:32:41.702,2026-04-19 04:17:41.702,2026-04-19,0,Night (00-05),225,False,139.5,86,False,False,False,False,False,False,None
AI134,Air India,HYD,BOM,HYD - BOM,2026-04-19 00:28:41.702,2026-04-19 04:23:41.702,2026-04-19,0,Night (00-05),235,False,150.0,85,False,False,False,False,False,False,None
AI043,Air India,CCU,DEL,CCU - DEL,2026-04-19 00:28:41.701,2026-04-19 04:37:41.701,2026-04-19,0,Night (00-05),249,False,139.5,110,False,False,False,False,False,False,None
UK119,Vistara,BOM,CCU,BOM - CCU,2026-04-19 00:21:41.702,2026-04-19 04:38:41.702,2026-04-19,0,Night (00-05),257,False,169.5,88,False,False,False,False,False,False,None
SJ181,SpiceJet,BOM,BLR,BOM - BLR,2026-04-19 00:20:41.703,2026-04-19 01:49:41.703,2026-04-19,0,Night (00-05),89,False,170.0,-81,False,False,False,False,False,False,None
AI070,Air India,CCU,DEL,CCU - DEL,2026-04-19 00:05:41.702,2026-04-19 01:44:41.702,2026-04-19,0,Night (00-05),99,False,139.5,-40,False,False,False,False,False,False,None
6F233,IndiGo,BLR,BOM,BLR - BOM,2026-04-18 23:56:41.704,2026-04-19 03:53:41.704,2026-04-18,23,Late night (21-23),237,True,140.5,96,False,False,False,False,False,False,None
UK013,Vistara,BOM,MAA,BOM - MAA,2026-04-18 23:52:41.701,2026-04-19 02:52:41.701,2026-04-18,23,Late night (21-23),180,True,180.0,0,False,False,False,False,False,False,None
6F015,IndiGo,BOM,CCU,BOM - CCU,2026-04-18 23:39:41.701,2026-04-19 02:27:41.701,2026-04-18,23,Late night (21-23),168,True,169.5,-2,False,False,False,False,False,False,None
SJ247,SpiceJet,DEL,BOM,DEL - BOM,2026-04-18 23:38:41.704,2026-04-19 03:43:41.704,2026-04-18,23,Late night (21-23),245,True,176.0,69,False,False,False,False,False,False,None
AI067,Air India,HYD,DEL,HYD - DEL,2026-04-18 23:36:41.701,2026-04-19 03:09:41.701,2026-04-18,23,Late night (21-23),213,True,196.5,16,False,False,False,False,False,False,None
AI211,Air India,DEL,CCU,DEL - CCU,2026-04-18 23:34:41.703,2026-04-19 01:21:41.703,2026-04-18,23,Late night (21-23),107,True,144.0,-37,False,False,False,False,False,False,None
UK029,Vistara,DEL,BOM,DEL - BOM,2026-04-18 23:26:41.701,2026-04-19 02:15:41.701,2026-04-18,23,Late night (21-23),169,True,176.0,-7,False,False,False,False,False,False,None
SJ200,SpiceJet,BOM,DEL,BOM - DEL,2026-04-18 23:24:41.703,2026-04-19 02:11:41.703,2026-04-18,23,Late night (21-23),167,True,157.0,10,False,False,False,False,False,False,None
6F087,IndiGo,DEL,HYD,DEL - HYD,2026-04-18 23:24:41.702,2026-04-19 03:10:41.702,2026-04-18,23,Late night (21-23),226,True,177.0,49,False,False,False,False,False,False,None
SJ210,SpiceJet,HYD,CCU,HYD - CCU,2026-04-18 23:21:41.703,2026-04-19 02:54:41.703,2026-04-18,23,Late night (21-23),213,True,177.0,36,False,False,False,False,False,False,None
AI101,Air India,DEL,BLR,DEL - BLR,2026-04-18 23:20:41.702,2026-04-19 02:23:41.702,2026-04-18,23,Late night (21-23),183,True,191.0,-8,False,False,False,False,False,False,None
UK075,Vistara,MAA,CCU,MAA - CCU,2026-04-18 23:15:41.702,2026-04-19 03:54:41.702,2026-04-18,23,Late night (21-23),279,True,132.5,146,False,False,False,False,False,False,None
SJ091,SpiceJet,BLR,CCU,BLR - CCU,2026-04-18 23:10:41.702,2026-04-19 00:47:41.702,2026-04-18,23,Late night (21-23),97,True,97.0,0,False,False,False,False,False,False,None
AI251,Air India,MAA,DEL,MAA - DEL,2026-04-18 22:40:41.704,2026-04-18 23:24:41.704,2026-04-18,22,Late night (21-23),44,False,175.5,-132,False,False,False,False,False,False,None
SJ042,SpiceJet,HYD,CCU,HYD - CCU,2026-04-18 22:38:41.701,2026-04-19 02:20:41.701,2026-04-18,22,Late night (21-23),222,True,177.0,45,False,False,False,False,False,False,None
UK126,Vistara,CCU,DEL,CCU - DEL,2026-04-18 22:37:41.702,2026-04-19 00:03:41.702,2026-04-18,22,Late night (21-23),86,True,139.5,-54,False,False,False,False,False,False,None
6F042,IndiGo,HYD,DEL,HYD - DEL,2026-04-18 22:35:41.701,2026-04-19 02:41:41.701,2026-04-18,22,Late night (21-23),246,True,196.5,50,False,False,False,False,False,False,None
AI116,Air India,CCU,BOM,CCU - BOM,2026-04-18 22:30:41.702,2026-04-19 01:57:41.702,2026-04-18,22,Late night (21-23),207,True,174.0,33,False,False,False,False,False,False,None
SJ209,SpiceJet,BLR,BOM,BLR - BOM,2026-04-18 22:22:41.703,2026-04-19 02:03:41.703,2026-04-18,22,Late night (21-23),221,True,140.5,80,False,False,False,False,False,False,None
AI123,Air India,MAA,BOM,MAA - BOM,2026-04-18 22:19:41.702,2026-04-19 00:45:41.702,2026-04-18,22,Late night (21-23),146,True,173.0,-27,False,False,False,False,False,False,None
6F016,IndiGo,HYD,BOM,HYD - BOM,2026-04-18 22:18:41.701,2026-04-18 22:54:41.701,2026-04-18,22,Late night (21-23),36,False,150.0,-114,False,False,False,False,False,False,None
UK012,Vistara,MAA,BOM,MAA - BOM,2026-04-18 22:16:41.701,2026-04-19 00:25:41.701,2026-04-18,22,Late night (21-23),129,True,173.0,-44,False,False,False,False,False,False,None
SJ188,SpiceJet,BLR,BOM,BLR - BOM,2026-04-18 22:15:41.703,2026-04-18 22:55:41.703,2026-04-18,22,Late night (21-23),40,False,140.5,-100,False,False,False,False,False,False,None
UK096,Vistara,BLR,HYD,BLR - HYD,2026-04-18 22:11:41.702,2026-04-19 00:06:41.702,2026-04-18,22,Late night (21-23),115,True,167.0,-52,False,False,False,False,False,False,None
SJ046,SpiceJet,BOM,MAA,BOM - MAA,2026-04-18 22:01:41.701,2026-04-19 01:25:41.701,2026-04-18,22,Late night (21-23),204,True,180.0,24,False,False,False,False,False,False,None
UK081,Vistara,BLR,DEL,BLR - DEL,2026-04-18 22:00:41.702,2026-04-18 23:00:41.702,2026-04-18,22,Late night (21-23),60,False,125.0,-65,False,False,True,False,False,False,None
UK191,Vistara,MAA,BLR,MAA - BLR,2026-04-18 21:51:41.703,2026-04-18 22:57:41.703,2026-04-18,21,Late night (21-23),66,False,177.0,-111,False,False,False,False,False,False,None
6F064,IndiGo,CCU,DEL,CCU - DEL,2026-04-18 21:45:41.701,2026-04-18 22:50:41.701,2026-04-18,21,Late night (21-23),65,False,139.5,-74,False,False,False,False,False,False,None
AI005,Air India,DEL,CCU,DEL - CCU,2026-04-18 21:24:41.701,2026-04-18 22:11:41.701,2026-04-18,21,Late night (21-23),47,False,144.0,-97,False,False,False,False,False,False,None
6F021,IndiGo,BLR,MAA,BLR - MAA,2026-04-18 21:23:41.701,2026-04-19 01:25:41.701,2026-04-18,21,Late night (21-23),242,True,219.0,23,False,False,False,False,False,False,None
AI169,Air India,CCU,DEL,CCU - DEL,2026-04-18 21:21:41.703,2026-04-19 01:34:41.703,2026-04-18,21,Late night (21-23),253,True,139.5,114,False,False,False,False,False,False,None
UK035,Vistara,HYD,BOM,HYD - BOM,2026-04-18 21:08:41.701,2026-04-18 22:24:41.701,2026-04-18,21,Late night (21-23),76,False,150.0,-74,False,False,False,False,False,False,None
AI040,Air India,HYD,BLR,HYD - BLR,2026-04-18 21:01:41.701,2026-04-18 22:42:41.701,2026-04-18,21,Late night (21-23),101,False,136.0,-35,False,False,False,False,False,False,None
UK042,Vistara,MAA,BOM,MAA - BOM,2026-04-18 20:59:41.701,2026-04-19 01:38:41.701,2026-04-18,20,Evening (17-20),279,True,173.0,106,False,False,False,False,False,False,None
SJ171,SpiceJet,DEL,HYD,DEL - HYD,2026-04-18 20:52:41.703,2026-04-18 23:52:41.703,2026-04-18,20,Evening (17-20),180,False,177.0,3,False,False,False,False,False,False,None
AI250,Air India,BOM,CCU,BOM - CCU,2026-04-18 20:48:41.704,2026-04-19 00:12:41.704,2026-04-18,20,Evening (17-20),204,True,169.5,34,False,False,True,False,False,False,None
SJ195,SpiceJet,BOM,CCU,BOM - CCU,2026-04-18 20:41:41.703,2026-04-18 23:54:41.703,2026-04-18,20,Evening (17-20),193,False,169.5,24,False,False,False,False,False,False,None
UK211,Vistara,MAA,CCU,MAA - CCU,2026-04-18 20:39:41.704,2026-04-18 22:02:41.704,2026-04-18,20,Evening (17-20),83,False,132.5,-50,False,False,False,False,False,False,None
UK122,Vistara,HYD,CCU,HYD - CCU,2026-04-18 20:29:42.000,2026-04-18 23:29:42.000,2026-04-18,20,Evening (17-20),180,False,177.0,3,False,False,False,False,False,False,None
AI136,Air India,BLR,DEL,BLR - DEL,2026-04-18 20:29:41.702,2026-04-18 23:48:41.702,2026-04-18,20,Evening (17-20),199,False,125.0,74,False,False,False,False,False,False,None
6F141,IndiGo,BOM,CCU,BOM - CCU,2026-04-18 20:26:41.702,2026-04-18 22:28:41.702,2026-04-18,20,Evening (17-20),122,False,169.5,-48,False,False,False,False,False,False,None
6F053,IndiGo,DEL,HYD,DEL - HYD,2026-04-18 20:26:41.701,2026-04-19 00:39:41.701,2026-04-18,20,Evening (17-20),253,True,177.0,76,False,False,False,False,False,False,None
6F136,IndiGo,CCU,DEL,CCU - DEL,2026-04-18 20:24:41.702,2026-04-18 21:01:41.702,2026-04-18,20,Evening (17-20),37,False,139.5,-102,False,False,False,False,False,False,None
6F009,IndiGo,BLR,CCU,BLR - CCU,2026-04-18 20:21:41.701,2026-04-18 23:36:41.701,2026-04-18,20,Evening (17-20),195,False,97.0,98,False,False,False,False,False,False,None
6F023,IndiGo,MAA,BLR,MAA - BLR,2026-04-18 20:18:41.701,2026-04-19 00:14:41.701,2026-04-18,20,Evening (17-20),236,True,177.0,59,False,False,False,False,False,False,None
UK006,Vistara,MAA,CCU,MAA - CCU,2026-04-18 20:16:41.701,2026-04-18 21:55:41.701,2026-04-18,20,Evening (17-20),99,False,132.5,-34,False,False,False,False,False,False,None
SJ165,SpiceJet,CCU,BOM,CCU - BOM,2026-04-18 20:08:41.703,2026-04-18 23:18:41.703,2026-04-18,20,Evening (17-20),190,False,174.0,16,False,False,False,False,False,False,None
6F189,IndiGo,MAA,BLR,MAA - BLR,2026-04-18 20:08:41.703,2026-04-18 21:51:41.703,2026-04-18,20,Evening (17-20),103,False,177.0,-74,False,False,False,False,False,False,None
AI131,Air India,MAA,BOM,MAA - BOM,2026-04-18 19:55:41.702,2026-04-18 22:35:41.702,2026-04-18,19,Evening (17-20),160,False,173.0,-13,False,False,False,False,False,False,None
6F004,IndiGo,BOM,CCU,BOM - CCU,2026-04-18 19:53:41.701,2026-04-18 23:33:41.701,2026-04-18,19,Evening (17-20),220,False,169.5,50,False,False,False,False,False,False,None
AI027,Air India,BOM,MAA,BOM - MAA,2026-04-18 19:41:41.701,2026-04-18 23:23:41.701,2026-04-18,19,Evening (17-20),222,False,180.0,42,False,False,False,False,False,False,None
AI238,Air India,CCU,MAA,CCU - MAA,2026-04-18 19:25:41.704,2026-04-19 00:07:41.704,2026-04-18,19,Evening (17-20),282,True,165.0,117,False,False,False,False,False,False,None
SJ105,SpiceJet,BOM,HYD,BOM - HYD,2026-04-18 19:22:41.702,2026-04-18 22:48:41.702,2026-04-18,19,Evening (17-20),206,False,207.5,-2,False,False,False,False,False,False,None
UK088,Vistara,MAA,BLR,MAA - BLR,2026-04-18 19:16:41.702,2026-04-18 23:36:41.702,2026-04-18,19,Evening (17-20),260,False,177.0,83,False,False,True,False,False,False,None
6F035,IndiGo,CCU,HYD,CCU - HYD,2026-04-18 19:16:41.701,2026-04-18 23:40:41.701,2026-04-18,19,Evening (17-20),264,False,150.0,114,False,False,False,False,False,False,None
AI133,Air India,DEL,CCU,DEL - CCU,2026-04-18 19:12:41.702,2026-04-18 21:32:41.702,2026-04-18,19,Evening (17-20),140,False,144.0,-4,False,False,False,False,False,False,None
AI001,Air India,DEL,HYD,DEL - HYD,2026-04-18 19:00:41.700,2026-04-18 22:03:41.700,2026-04-18,19,Evening (17-20),183,False,177.0,6,False,False,False,False,False,False,None
SJ133,SpiceJet,BOM,CCU,BOM - CCU,2026-04-18 18:50:41.702,2026-04-18 21:29:41.702,2026-04-18,18,Evening (17-20),159,False,169.5,-10,False,False,False,False,False,False,None
SJ216,SpiceJet,BOM,CCU,BOM - CCU,2026-04-18 18:35:41.703,2026-04-18 21:31:41.703,2026-04-18,18,Evening (17-20),176,False,169.5,6,False,False,False,False,False,False,None
SJ225,SpiceJet,DEL,HYD,DEL - HYD,2026-04-18 18:16:41.704,2026-04-18 20:53:41.704,2026-04-18,18,Evening (17-20),157,False,177.0,-20,False,False,True,False,False,False,None
AI147,Air India,HYD,CCU,HYD - CCU,2026-04-18 18:14:41.703,2026-04-18 20:10:41.703,2026-04-18,18,Evening (17-20),116,False,177.0,-61,False,False,False,False,False,False,None
SJ054,SpiceJet,MAA,BLR,MAA - BLR,2026-04-18 18:13:41.701,2026-04-18 22:46:41.701,2026-04-18,18,Evening (17-20),273,False,177.0,96,False,False,False,False,False,False,None
6F197,IndiGo,BOM,BLR,BOM - BLR,2026-04-18 17:59:41.703,2026-04-18 22:44:41.703,2026-04-18,17,Evening (17-20),285,False,170.0,115,False,False,False,False,False,False,None
SJ066,SpiceJet,HYD,CCU,HYD - CCU,2026-04-18 17:47:41.701,2026-04-18 19:03:41.701,2026-04-18,17,Evening (17-20),76,False,177.0,-101,False,False,False,False,False,False,None
SJ183,SpiceJet,CCU,DEL,CCU - DEL,2026-04-18 17:44:41.703,2026-04-18 19:40:41.703,2026-04-18,17,Evening (17-20),116,False,139.5,-24,False,False,False,False,False,False,None
SJ151,SpiceJet,BOM,CCU,BOM - CCU,2026-04-18 17:44:41.702,2026-04-18 19:16:41.702,2026-04-18,17,Evening (17-20),92,False,169.5,-78,False,False,False,False,False,False,None
SJ071,SpiceJet,CCU,MAA,CCU - MAA,2026-04-18 17:43:41.701,2026-04-18 19:32:41.701,2026-04-18,17,Evening (17-20),109,False,165.0,-56,False,False,False,False,False,False,None
SJ102,SpiceJet,MAA,CCU,MAA - CCU,2026-04-18 17:26:41.702,2026-04-18 18:58:41.702,2026-04-18,17,Evening (17-20),92,False,132.5,-40,False,False,False,False,False,False,None
AI209,Air India,BLR,CCU,BLR - CCU,2026-04-18 17:25:41.703,2026-04-18 18:37:41.703,2026-04-18,17,Evening (17-20),72,False,97.0,-25,False,False,False,False,False,False,None
6F111,IndiGo,HYD,DEL,HYD - DEL,2026-04-18 17:09:41.702,2026-04-18 20:02:41.702,2026-04-18,17,Evening (17-20),173,False,196.5,-24,False,False,False,False,False,False,None
AI050,Air India,BLR,BOM,BLR - BOM,2026-04-18 17:07:41.701,2026-04-18 19:42:41.701,2026-04-18,17,Evening (17-20),155,False,140.5,14,False,False,False,False,False,False,None
SJ189,SpiceJet,HYD,BLR,HYD - BLR,2026-04-18 17:05:41.703,2026-04-18 22:01:41.703,2026-04-18,17,Evening (17-20),296,False,136.0,160,False,False,False,False,False,False,None
UK112,Vistara,CCU,DEL,CCU - DEL,2026-04-18 17:05:41.702,2026-04-18 19:47:41.702,2026-04-18,17,Evening (17-20),162,False,139.5,22,False,False,True,False,False,False,None
6F171,IndiGo,DEL,BLR,DEL - BLR,2026-04-18 17:03:41.703,2026-04-18 18:12:41.703,2026-04-18,17,Evening (17-20),69,False,191.0,-122,False,False,False,False,False,False,None
AI011,Air India,CCU,BOM,CCU - BOM,2026-04-18 16:58:41.701,2026-04-18 21:01:41.701,2026-04-18,16,Afternoon (12-16),243,False,174.0,69,False,False,False,False,False,False,None
6F027,IndiGo,BLR,DEL,BLR - DEL,2026-04-18 16:52:41.701,2026-04-18 18:21:41.701,2026-04-18,16,Afternoon (12-16),89,False,125.0,-36,False,False,False,False,False,False,None
UK082,Vistara,DEL,BOM,DEL - BOM,2026-04-18 16:50:41.702,2026-04-18 21:21:41.702,2026-04-18,16,Afternoon (12-16),271,False,176.0,95,False,False,False,False,False,False,None
UK138,Vistara,DEL,BLR,DEL - BLR,2026-04-18 16:47:41.703,2026-04-18 19:36:41.703,2026-04-18,16,Afternoon (12-16),169,False,191.0,-22,False,False,False,False,False,False,None
UK198,Vistara,DEL,BLR,DEL - BLR,2026-04-18 16:43:41.703,2026-04-18 18:18:41.703,2026-04-18,16,Afternoon (12-16),95,False,191.0,-96,False,False,False,False,False,False,None
6F039,IndiGo,MAA,CCU,MAA - CCU,2026-04-18 16:43:41.701,2026-04-18 21:01:41.701,2026-04-18,16,Afternoon (12-16),258,False,132.5,126,False,False,False,False,False,False,None
6F157,IndiGo,MAA,CCU,MAA - CCU,2026-04-18 16:37:41.703,2026-04-18 18:04:41.703,2026-04-18,16,Afternoon (12-16),87,False,132.5,-46,False,False,False,False,False,False,None
SJ024,SpiceJet,DEL,MAA,DEL - MAA,2026-04-18 16:29:41.701,2026-04-18 20:21:41.701,2026-04-18,16,Afternoon (12-16),232,False,184.0,48,False,False,False,False,False,False,None
6F167,IndiGo,BLR,BOM,BLR - BOM,2026-04-18 16:26:41.703,2026-04-18 17:50:41.703,2026-04-18,16,Afternoon (12-16),84,False,140.5,-56,False,False,False,False,False,False,None
AI197,Air India,BOM,CCU,BOM - CCU,2026-04-18 16:25:41.703,2026-04-18 20:00:41.703,2026-04-18,16,Afternoon (12-16),215,False,169.5,46,False,False,False,False,False,False,None
SJ211,SpiceJet,MAA,BOM,MAA - BOM,2026-04-18 16:22:41.703,2026-04-18 18:34:41.703,2026-04-18,16,Afternoon (12-16),132,False,173.0,-41,False,False,False,False,False,False,None
6F055,IndiGo,DEL,CCU,DEL - CCU,2026-04-18 16:21:41.701,2026-04-18 18:49:41.701,2026-04-18,16,Afternoon (12-16),148,False,144.0,4,False,False,False,False,False,False,None
AI253,Air India,BLR,BOM,BLR - BOM,2026-04-18 16:13:41.704,2026-04-18 19:51:41.704,2026-04-18,16,Afternoon (12-16),218,False,140.5,78,False,False,False,False,False,False,None
UK060,Vistara,BLR,CCU,BLR - CCU,2026-04-18 16:09:41.701,2026-04-18 19:42:41.701,2026-04-18,16,Afternoon (12-16),213,False,97.0,116,False,False,False,False,False,False,None
6F257,IndiGo,MAA,CCU,MAA - CCU,2026-04-18 16:04:41.704,2026-04-18 19:55:41.704,2026-04-18,16,Afternoon (12-16),231,False,132.5,98,False,False,True,False,False,False,None
SJ135,SpiceJet,MAA,CCU,MAA - CCU,2026-04-18 16:03:41.702,2026-04-18 19:48:41.702,2026-04-18,16,Afternoon (12-16),225,False,132.5,92,False,False,False,False,False,False,None
AI247,Air India,BOM,CCU,BOM - CCU,2026-04-18 15:58:41.704,2026-04-18 19:02:41.704,2026-04-18,15,Afternoon (12-16),184,False,169.5,14,False,False,False,False,False,False,None
UK127,Vistara,BOM,HYD,BOM - HYD,2026-04-18 15:56:41.702,2026-04-18 20:00:41.702,2026-04-18,15,Afternoon (12-16),244,False,207.5,36,False,False,False,False,False,False,None
AI109,Air India,BLR,BOM,BLR - BOM,2026-04-18 15:53:41.702,2026-04-18 20:14:41.702,2026-04-18,15,Afternoon (12-16),261,False,140.5,120,False,False,False,False,False,False,None
AI057,Air India,BOM,CCU,BOM - CCU,2026-04-18 15:53:41.701,2026-04-18 19:22:41.701,2026-04-18,15,Afternoon (12-16),209,False,169.5,40,False,False,False,False,False,False,None
6F103,IndiGo,CCU,MAA,CCU - MAA,2026-04-18 15:37:41.702,2026-04-18 18:32:41.702,2026-04-18,15,Afternoon (12-16),175,False,165.0,10,False,False,False,False,False,False,None
SJ144,SpiceJet,BLR,BOM,BLR - BOM,2026-04-18 15:35:41.702,2026-04-18 19:12:41.702,2026-04-18,15,Afternoon (12-16),217,False,140.5,76,False,False,False,False,False,False,None
6F076,IndiGo,CCU,HYD,CCU - HYD,2026-04-18 15:35:41.702,2026-04-18 16:20:41.702,2026-04-18,15,Afternoon (12-16),45,False,150.0,-105,False,False,False,False,False,False,None
6F240,IndiGo,DEL,HYD,DEL - HYD,2026-04-18 15:31:41.704,2026-04-18 19:56:41.704,2026-04-18,15,Afternoon (12-16),265,False,177.0,88,False,False,False,False,False,False,None
UK057,Vistara,CCU,DEL,CCU - DEL,2026-04-18 15:25:41.701,2026-04-18 20:04:41.701,2026-04-18,15,Afternoon (12-16),279,False,139.5,140,False,False,False,False,False,False,None
AI201,Air India,BLR,CCU,BLR - CCU,2026-04-18 15:19:41.703,2026-04-18 16:40:41.703,2026-04-18,15,Afternoon (12-16),81,False,97.0,-16,False,False,False,False,False,False,None
SJ242,SpiceJet,BLR,HYD,BLR - HYD,2026-04-18 14:55:41.704,2026-04-18 17:42:41.704,2026-04-18,14,Afternoon (12-16),167,False,167.0,0,False,False,False,False,False,False,None
6F037,IndiGo,BOM,MAA,BOM - MAA,2026-04-18 14:51:41.701,2026-04-18 17:23:41.701,2026-04-18,14,Afternoon (12-16),152,False,180.0,-28,False,False,False,False,False,False,None
SJ132,SpiceJet,MAA,DEL,MAA - DEL,2026-04-18 14:44:41.702,2026-04-18 15:36:41.702,2026-04-18,14,Afternoon (12-16),52,False,175.5,-124,False,False,False,False,False,False,None
AI055,Air India,CCU,BOM,CCU - BOM,2026-04-18 14:39:41.701,2026-04-18 16:18:41.701,2026-04-18,14,Afternoon (12-16),99,False,174.0,-75,False,False,False,False,False,False,None
6F252,IndiGo,MAA,BLR,MAA - BLR,2026-04-18 14:25:41.701,2026-04-18 18:52:41.701,2026-04-18,14,Afternoon (12-16),267,False,177.0,90,False,False,True,False,False,False,None
AI183,Air India,DEL,CCU,DEL - CCU,2026-04-18 14:24:41.703,2026-04-18 16:06:41.703,2026-04-18,14,Afternoon (12-16),102,False,144.0,-42,False,False,False,False,False,False,None
SJ125,SpiceJet,DEL,BLR,DEL - BLR,2026-04-18 14:21:41.702,2026-04-18 16:55:41.702,2026-04-18,14,Afternoon (12-16),154,False,191.0,-37,False,False,False,False,False,False,None
SJ087,SpiceJet,BOM,DEL,BOM - DEL,2026-04-18 14:20:41.702,2026-04-18 19:09:41.702,2026-04-18,14,Afternoon (12-16),289,False,157.0,132,False,False,False,False,False,False,None
UK182,Vistara,HYD,CCU,HYD - CCU,2026-04-18 14:19:41.703,2026-04-18 18:25:41.703,2026-04-18,14,Afternoon (12-16),246,False,177.0,69,False,False,False,False,False,False,None
AI016,Air India,BOM,CCU,BOM - CCU,2026-04-18 14:15:41.701,2026-04-18 18:38:41.701,2026-04-18,14,Afternoon (12-16),263,False,169.5,94,False,False,False,False,False,False,None
6F107,IndiGo,CCU,BLR,CCU - BLR,2026-04-18 14:14:41.702,2026-04-18 17:14:42.000,2026-04-18,14,Afternoon (12-16),180,False,167.0,13,False,False,False,False,False,False,None
AI026,Air India,DEL,BOM,DEL - BOM,2026-04-18 14:14:41.701,2026-04-18 15:13:41.701,2026-04-18,14,Afternoon (12-16),59,False,176.0,-117,False,False,False,False,False,False,None
AI177,Air India,CCU,HYD,CCU - HYD,2026-04-18 14:11:41.703,2026-04-18 16:26:41.703,2026-04-18,14,Afternoon (12-16),135,False,150.0,-15,False,False,False,False,False,False,None
AI041,Air India,BOM,BLR,BOM - BLR,2026-04-18 14:08:41.701,2026-04-18 15:59:41.701,2026-04-18,14,Afternoon (12-16),111,False,170.0,-59,False,False,False,False,False,False,None
6F264,IndiGo,DEL,HYD,DEL - HYD,2026-04-18 14:03:41.701,2026-04-18 18:23:41.701,2026-04-18,14,Afternoon (12-16),260,False,177.0,83,False,False,True,False,False,False,None
6F222,IndiGo,HYD,MAA,HYD - MAA,2026-04-18 14:01:41.704,2026-04-18 16:11:41.704,2026-04-18,14,Afternoon (12-16),130,False,141.0,-11,False,False,False,False,False,False,None
AI004,Air India,HYD,MAA,HYD - MAA,2026-04-18 13:58:41.701,2026-04-18 18:12:41.701,2026-04-18,13,Afternoon (12-16),254,False,141.0,113,False,False,False,False,False,False,None
SJ126,SpiceJet,DEL,BLR,DEL - BLR,2026-04-18 13:47:41.702,2026-04-18 16:31:41.702,2026-04-18,13,Afternoon (12-16),164,False,191.0,-27,False,False,False,False,False,False,None
SJ220,SpiceJet,BOM,CCU,BOM - CCU,2026-04-18 13:45:41.703,2026-04-18 15:21:41.703,2026-04-18,13,Afternoon (12-16),96,False,169.5,-74,False,False,False,False,False,False,None
AI204,Air India,CCU,MAA,CCU - MAA,2026-04-18 13:40:41.703,2026-04-18 18:38:41.703,2026-04-18,13,Afternoon (12-16),298,False,165.0,133,False,False,False,False,False,False,None
UK098,Vistara,CCU,DEL,CCU - DEL,2026-04-18 13:38:41.702,2026-04-18 17:54:41.702,2026-04-18,13,Afternoon (12-16),256,False,139.5,116,False,False,False,False,False,False,None
AI090,Air India,MAA,CCU,MAA - CCU,2026-04-18 13:37:41.702,2026-04-18 16:11:41.702,2026-04-18,13,Afternoon (12-16),154,False,132.5,22,False,False,False,False,False,False,None
AI092,Air India,CCU,BOM,CCU - BOM,2026-04-18 13:36:41.702,2026-04-18 16:20:41.702,2026-04-18,13,Afternoon (12-16),164,False,174.0,-10,False,False,False,False,False,False,None
AI049,Air India,CCU,MAA,CCU - MAA,2026-04-18 13:35:41.701,2026-04-18 15:48:41.701,2026-04-18,13,Afternoon (12-16),133,False,165.0,-32,False,False,False,False,False,False,None
UK117,Vistara,BLR,BOM,BLR - BOM,2026-04-18 13:17:41.702,2026-04-18 16:54:41.702,2026-04-18,13,Afternoon (12-16),217,False,140.5,76,False,False,False,False,False,False,None
6F227,IndiGo,MAA,BOM,MAA - BOM,2026-04-18 13:16:41.704,2026-04-18 17:41:41.704,2026-04-18,13,Afternoon (12-16),265,False,173.0,92,False,False,False,False,False,False,None
AI228,Air India,BLR,BOM,BLR - BOM,2026-04-18 13:16:41.703,2026-04-18 17:44:41.703,2026-04-18,13,Afternoon (12-16),268,False,140.5,128,False,False,False,False,False,False,None
SJ164,SpiceJet,CCU,MAA,CCU - MAA,2026-04-18 13:14:41.703,2026-04-18 15:14:42.000,2026-04-18,13,Afternoon (12-16),120,False,165.0,-45,False,False,False,False,False,False,None
AI018,Air India,BOM,CCU,BOM - CCU,2026-04-18 13:12:41.701,2026-04-18 18:04:41.701,2026-04-18,13,Afternoon (12-16),292,False,169.5,122,False,False,False,False,False,False,None
UK192,Vistara,HYD,DEL,HYD - DEL,2026-04-18 12:54:41.703,2026-04-18 13:54:42.000,2026-04-18,12,Afternoon (12-16),60,False,196.5,-136,False,False,False,False,False,False,None
SJ224,SpiceJet,DEL,MAA,DEL - MAA,2026-04-18 12:41:41.703,2026-04-18 15:33:41.703,2026-04-18,12,Afternoon (12-16),172,False,184.0,-12,False,False,False,False,False,False,None
UK050,Vistara,BOM,DEL,BOM - DEL,2026-04-18 12:39:41.701,2026-04-18 13:18:41.701,2026-04-18,12,Afternoon (12-16),39,False,157.0,-118,False,False,False,False,False,False,None
SJ159,SpiceJet,CCU,DEL,CCU - DEL,2026-04-18 12:22:41.703,2026-04-18 14:05:41.703,2026-04-18,12,Afternoon (12-16),103,False,139.5,-36,False,False,False,False,False,False,None
UK038,Vistara,MAA,CCU,MAA - CCU,2026-04-18 12:22:41.701,2026-04-18 15:31:41.701,2026-04-18,12,Afternoon (12-16),189,False,132.5,56,False,False,False,False,False,False,None
6F192,IndiGo,CCU,BLR,CCU - BLR,2026-04-18 12:20:41.703,2026-04-18 16:45:41.703,2026-04-18,12,Afternoon (12-16),265,False,167.0,98,False,False,False,False,False,False,None
6F173,IndiGo,BOM,CCU,BOM - CCU,2026-04-18 12:19:41.703,2026-04-18 13:08:41.703,2026-04-18,12,Afternoon (12-16),49,False,169.5,-120,False,False,False,False,False,False,None
AI185,Air India,CCU,BOM,CCU - BOM,2026-04-18 12:16:41.703,2026-04-18 16:18:41.703,2026-04-18,12,Afternoon (12-16),242,False,174.0,68,False,False,False,False,False,False,None
SJ152,SpiceJet,BOM,DEL,BOM - DEL,2026-04-18 12:09:41.702,2026-04-18 13:50:41.702,2026-04-18,12,Afternoon (12-16),101,False,157.0,-56,False,False,False,False,False,False,None
AI215,Air India,BLR,DEL,BLR - DEL,2026-04-18 12:07:41.703,2026-04-18 13:43:41.703,2026-04-18,12,Afternoon (12-16),96,False,125.0,-29,False,False,False,False,False,False,None
AI074,Air India,CCU,BOM,CCU - BOM,2026-04-18 12:03:41.702,2026-04-18 12:50:41.702,2026-04-18,12,Afternoon (12-16),47,False,174.0,-127,False,False,False,False,False,False,None
6F109,IndiGo,BLR,BOM,BLR - BOM,2026-04-18 12:00:41.702,2026-04-18 12:51:41.702,2026-04-18,12,Afternoon (12-16),51,False,140.5,-90,False,False,False,False,False,False,None
6F144,IndiGo,HYD,BOM,HYD - BOM,2026-04-18 11:56:41.702,2026-04-18 15:11:41.702,2026-04-18,11,Morning (06-11),195,False,150.0,45,False,False,False,False,False,False,None
6F210,IndiGo,HYD,DEL,HYD - DEL,2026-04-18 11:51:41.703,2026-04-18 15:58:41.703,2026-04-18,11,Morning (06-11),247,False,196.5,50,False,False,False,False,False,False,None
SJ111,SpiceJet,DEL,MAA,DEL - MAA,2026-04-18 11:47:41.702,2026-04-18 12:59:41.702,2026-04-18,11,Morning (06-11),72,False,184.0,-112,False,False,False,False,False,False,None
UK092,Vistara,MAA,BLR,MAA - BLR,2026-04-18 11:42:41.702,2026-04-18 13:17:41.702,2026-04-18,11,Morning (06-11),95,False,177.0,-82,False,False,False,False,False,False,None
UK009,Vistara,BOM,DEL,BOM - DEL,2026-04-18 11:34:41.701,2026-04-18 13:41:41.701,2026-04-18,11,Morning (06-11),127,False,157.0,-30,False,False,False,False,False,False,None
AI170,Air India,HYD,DEL,HYD - DEL,2026-04-18 11:27:41.703,2026-04-18 15:50:41.703,2026-04-18,11,Morning (06-11),263,False,196.5,66,False,False,False,False,False,False,None
6F154,IndiGo,CCU,DEL,CCU - DEL,2026-04-18 11:26:41.703,2026-04-18 12:23:41.703,2026-04-18,11,Morning (06-11),57,False,139.5,-82,False,False,False,False,False,False,None
6F161,IndiGo,MAA,DEL,MAA - DEL,2026-04-18 11:24:41.703,2026-04-18 12:21:41.703,2026-04-18,11,Morning (06-11),57,False,175.5,-118,False,False,False,False,False,False,None
UK128,Vistara,BOM,CCU,BOM - CCU,2026-04-18 11:22:41.702,2026-04-18 14:11:41.702,2026-04-18,11,Morning (06-11),169,False,169.5,0,False,False,False,False,False,False,None
AI186,Air India,DEL,BOM,DEL - BOM,2026-04-18 11:11:41.703,2026-04-18 13:05:41.703,2026-04-18,11,Morning (06-11),114,False,176.0,-62,False,False,False,False,False,False,None
AI099,Air India,BLR,BOM,BLR - BOM,2026-04-18 11:07:41.702,2026-04-18 13:29:41.702,2026-04-18,11,Morning (06-11),142,False,140.5,2,False,False,False,False,False,False,None
6F203,IndiGo,BLR,HYD,BLR - HYD,2026-04-18 11:05:41.703,2026-04-18 12:56:41.703,2026-04-18,11,Morning (06-11),111,False,167.0,-56,False,False,False,False,False,False,None
UK139,Vistara,BLR,MAA,BLR - MAA,2026-04-18 10:54:41.703,2026-04-18 14:31:41.703,2026-04-18,10,Morning (06-11),217,False,219.0,-2,False,False,True,False,False,False,None
SJ008,SpiceJet,HYD,BLR,HYD - BLR,2026-04-18 10:53:41.701,2026-04-18 15:48:41.701,2026-04-18,10,Morning (06-11),295,False,136.0,159,False,False,False,False,False,False,None
AI171,Air India,MAA,BLR,MAA - BLR,2026-04-18 10:51:41.703,2026-04-18 13:34:41.703,2026-04-18,10,Morning (06-11),163,False,177.0,-14,False,False,False,False,False,False,None
6F124,IndiGo,BLR,BOM,BLR - BOM,2026-04-18 10:47:41.702,2026-04-18 15:21:41.702,2026-04-18,10,Morning (06-11),274,False,140.5,134,False,False,False,False,False,False,None
6F137,IndiGo,CCU,DEL,CCU - DEL,2026-04-18 10:45:41.702,2026-04-18 15:01:41.702,2026-04-18,10,Morning (06-11),256,False,139.5,116,False,False,False,False,False,False,None
AI008,Air India,BOM,CCU,BOM - CCU,2026-04-18 10:43:41.701,2026-04-18 12:43:42.000,2026-04-18,10,Morning (06-11),120,False,169.5,-50,False,False,False,False,False,False,None
SJ140,SpiceJet,HYD,DEL,HYD - DEL,2026-04-18 10:42:41.702,2026-04-18 14:30:41.702,2026-04-18,10,Morning (06-11),228,False,196.5,32,False,False,True,False,False,False,None
UK016,Vistara,DEL,CCU,DEL - CCU,2026-04-18 10:42:41.701,2026-04-18 11:22:41.701,2026-04-18,10,Morning (06-11),40,False,144.0,-104,False,False,False,False,False,False,None
AI127,Air India,DEL,HYD,DEL - HYD,2026-04-18 10:37:41.702,2026-04-18 13:45:41.702,2026-04-18,10,Morning (06-11),188,False,177.0,11,False,False,False,False,False,False,None
SJ096,SpiceJet,DEL,HYD,DEL - HYD,2026-04-18 10:29:41.702,2026-04-18 13:45:41.702,2026-04-18,10,Morning (06-11),196,False,177.0,19,False,False,True,False,False,False,None
6F048,IndiGo,HYD,DEL,HYD - DEL,2026-04-18 10:27:41.701,2026-04-18 11:18:41.701,2026-04-18,10,Morning (06-11),51,False,196.5,-146,False,False,False,False,False,False,None
SJ090,SpiceJet,HYD,MAA,HYD - MAA,2026-04-18 10:24:41.702,2026-04-18 13:11:41.702,2026-04-18,10,Morning (06-11),167,False,141.0,26,False,False,False,False,False,False,None
AI014,Air India,HYD,MAA,HYD - MAA,2026-04-18 10:24:41.701,2026-04-18 13:51:41.701,2026-04-18,10,Morning (06-11),207,False,141.0,66,False,False,False,False,False,False,None
6F131,IndiGo,BLR,HYD,BLR - HYD,2026-04-18 10:22:41.702,2026-04-18 14:20:41.702,2026-04-18,10,Morning (06-11),238,False,167.0,71,False,False,False,False,False,False,None
AI130,Air India,BOM,BLR,BOM - BLR,2026-04-18 10:18:41.702,2026-04-18 12:59:41.702,2026-04-18,10,Morning (06-11),161,False,170.0,-9,False,False,False,False,False,False,None
UK151,Vistara,BOM,CCU,BOM - CCU,2026-04-18 10:11:41.703,2026-04-18 13:30:41.703,2026-04-18,10,Morning (06-11),199,False,169.5,30,False,False,True,False,False,False,None
6F165,IndiGo,BLR,BOM,BLR - BOM,2026-04-18 10:11:41.703,2026-04-18 11:09:41.703,2026-04-18,10,Morning (06-11),58,False,140.5,-82,False,False,False,False,False,False,None
UK161,Vistara,BLR,BOM,BLR - BOM,2026-04-18 10:05:41.703,2026-04-18 12:48:41.703,2026-04-18,10,Morning (06-11),163,False,140.5,22,False,False,False,False,False,False,None
AI107,Air India,HYD,CCU,HYD - CCU,2026-04-18 10:03:41.702,2026-04-18 10:49:41.702,2026-04-18,10,Morning (06-11),46,False,177.0,-131,False,False,False,False,False,False,None
SJ104,SpiceJet,HYD,DEL,HYD - DEL,2026-04-18 10:00:41.702,2026-04-18 11:00:42.000,2026-04-18,10,Morning (06-11),60,False,196.5,-136,False,False,False,False,False,False,None
AI042,Air India,CCU,DEL,CCU - DEL,2026-04-18 09:53:41.701,2026-04-18 10:57:41.701,2026-04-18,9,Morning (06-11),64,False,139.5,-76,False,False,False,False,False,False,None
6F266,IndiGo,CCU,MAA,CCU - MAA,2026-04-18 09:49:41.703,2026-04-18 11:17:41.703,2026-04-18,9,Morning (06-11),88,False,165.0,-77,False,False,True,False,False,False,None
6F138,IndiGo,HYD,BLR,HYD - BLR,2026-04-18 09:49:41.702,2026-04-18 12:53:41.702,2026-04-18,9,Morning (06-11),184,False,136.0,48,False,False,False,False,False,False,None
SJ219,SpiceJet,BOM,DEL,BOM - DEL,2026-04-18 09:32:41.703,2026-04-18 14:09:41.703,2026-04-18,9,Morning (06-11),277,False,157.0,120,False,False,False,False,False,False,None
UK197,Vistara,BLR,HYD,BLR - HYD,2026-04-18 09:22:41.703,2026-04-18 10:54:41.703,2026-04-18,9,Morning (06-11),92,False,167.0,-75,False,False,False,False,False,False,None
6F119,IndiGo,DEL,BOM,DEL - BOM,2026-04-18 09:19:41.702,2026-04-18 11:33:41.702,2026-04-18,9,Morning (06-11),134,False,176.0,-42,False,False,False,False,False,False,None
SJ058,SpiceJet,DEL,HYD,DEL - HYD,2026-04-18 08:58:41.701,2026-04-18 13:14:41.701,2026-04-18,8,Morning (06-11),256,False,177.0,79,False,False,False,False,False,False,None
AI218,Air India,BOM,CCU,BOM - CCU,2026-04-18 08:55:41.703,2026-04-18 11:55:41.703,2026-04-18,8,Morning (06-11),180,False,169.5,10,False,False,False,False,False,False,None
SJ060,SpiceJet,HYD,CCU,HYD - CCU,2026-04-18 08:51:41.701,2026-04-18 13:46:41.701,2026-04-18,8,Morning (06-11),295,False,177.0,118,False,False,False,False,False,False,None
UK121,Vistara,BLR,BOM,BLR - BOM,2026-04-18 08:36:41.702,2026-04-18 12:36:41.702,2026-04-18,8,Morning (06-11),240,False,140.5,100,False,False,False,False,False,False,None
6F208,IndiGo,CCU,BOM,CCU - BOM,2026-04-18 08:27:41.703,2026-04-18 11:34:41.703,2026-04-18,8,Morning (06-11),187,False,174.0,13,False,False,False,False,False,False,None
6F153,IndiGo,CCU,BLR,CCU - BLR,2026-04-18 08:23:41.703,2026-04-18 12:20:41.703,2026-04-18,8,Morning (06-11),237,False,167.0,70,False,False,False,False,False,False,None
AI117,Air India,HYD,BLR,HYD - BLR,2026-04-18 08:18:41.702,2026-04-18 10:09:41.702,2026-04-18,8,Morning (06-11),111,False,136.0,-25,False,False,False,False,False,False,None
SJ113,SpiceJet,BLR,BOM,BLR - BOM,2026-04-18 08:10:41.702,2026-04-18 10:10:42.000,2026-04-18,8,Morning (06-11),120,False,140.5,-20,False,False,False,False,False,False,None
AI191,Air India,BLR,MAA,BLR - MAA,2026-04-18 07:57:41.703,2026-04-18 11:58:41.703,2026-04-18,7,Morning (06-11),241,False,219.0,22,False,False,False,False,False,False,None
6F267,IndiGo,DEL,MAA,DEL - MAA,2026-04-18 07:56:41.703,2026-04-18 11:49:41.703,2026-04-18,7,Morning (06-11),233,False,184.0,49,False,False,True,False,False,False,None
6F185,IndiGo,CCU,DEL,CCU - DEL,2026-04-18 07:49:41.703,2026-04-18 10:08:41.703,2026-04-18,7,Morning (06-11),139,False,139.5,0,False,False,False,False,False,False,None
AI114,Air India,CCU,DEL,CCU - DEL,2026-04-18 07:48:41.702,2026-04-18 09:03:41.702,2026-04-18,7,Morning (06-11),75,False,139.5,-64,False,False,False,False,False,False,None
6F155,IndiGo,DEL,BLR,DEL - BLR,2026-04-18 07:47:41.703,2026-04-18 08:20:41.703,2026-04-18,7,Morning (06-11),33,False,191.0,-158,False,False,False,False,False,False,None
UK045,Vistara,MAA,HYD,MAA - HYD,2026-04-18 07:43:41.701,2026-04-18 09:28:41.701,2026-04-18,7,Morning (06-11),105,False,164.0,-59,False,False,False,False,False,False,None
AI111,Air India,MAA,CCU,MAA - CCU,2026-04-18 07:40:41.702,2026-04-18 10:39:41.702,2026-04-18,7,Morning (06-11),179,False,132.5,46,False,False,False,False,False,False,None
AI156,Air India,CCU,BOM,CCU - BOM,2026-04-18 07:39:41.703,2026-04-18 09:22:41.703,2026-04-18,7,Morning (06-11),103,False,174.0,-71,False,False,False,False,False,False,None
SJ128,SpiceJet,CCU,BLR,CCU - BLR,2026-04-18 07:39:41.702,2026-04-18 10:42:41.702,2026-04-18,7,Morning (06-11),183,False,167.0,16,False,False,False,False,False,False,None
AI104,Air India,MAA,HYD,MAA - HYD,2026-04-18 07:35:41.702,2026-04-18 09:20:41.702,2026-04-18,7,Morning (06-11),105,False,164.0,-59,False,False,False,False,False,False,None
6F225,IndiGo,HYD,CCU,HYD - CCU,2026-04-18 07:33:41.704,2026-04-18 12:12:41.704,2026-04-18,7,Morning (06-11),279,False,177.0,102,False,False,False,False,False,False,None
6F033,IndiGo,DEL,HYD,DEL - HYD,2026-04-18 07:08:41.701,2026-04-18 09:08:41.701,2026-04-18,7,Morning (06-11),120,False,177.0,-57,False,False,False,False,False,False,None
6F244,IndiGo,MAA,CCU,MAA - CCU,2026-04-18 07:07:41.704,2026-04-18 08:31:41.704,2026-04-18,7,Morning (06-11),84,False,132.5,-48,False,False,False,False,False,False,None
UK137,Vistara,BOM,MAA,BOM - MAA,2026-04-18 07:04:41.703,2026-04-18 09:14:41.703,2026-04-18,7,Morning (06-11),130,False,180.0,-50,False,False,False,False,False,False,None
AI063,Air India,HYD,BLR,HYD - BLR,2026-04-18 07:03:41.701,2026-04-18 11:26:41.701,2026-04-18,7,Morning (06-11),263,False,136.0,127,False,False,False,False,False,False,None
SJ156,SpiceJet,BOM,DEL,BOM - DEL,2026-04-18 06:59:41.703,2026-04-18 07:34:41.703,2026-04-18,6,Morning (06-11),35,False,157.0,-122,False,False,False,False,False,False,None
UK125,Vistara,HYD,BOM,HYD - BOM,2026-04-18 06:58:41.702,2026-04-18 11:44:41.702,2026-04-18,6,Morning (06-11),286,False,150.0,136,False,False,False,False,False,False,None
AI232,Air India,DEL,BLR,DEL - BLR,2026-04-18 06:43:41.704,2026-04-18 10:13:41.704,2026-04-18,6,Morning (06-11),210,False,191.0,19,False,False,False,False,False,False,None
AI167,Air India,BLR,DEL,BLR - DEL,2026-04-18 06:43:41.703,2026-04-18 11:10:41.703,2026-04-18,6,Morning (06-11),267,False,125.0,142,False,False,False,False,False,False,None
UK160,Vistara,BLR,BOM,BLR - BOM,2026-04-18 06:42:41.703,2026-04-18 10:58:41.703,2026-04-18,6,Morning (06-11),256,False,140.5,116,False,False,False,False,False,False,None
UK129,Vistara,HYD,MAA,HYD - MAA,2026-04-18 06:29:41.702,2026-04-18 07:29:42.000,2026-04-18,6,Morning (06-11),60,False,141.0,-81,False,False,False,False,False,False,None
SJ230,SpiceJet,BOM,CCU,BOM - CCU,2026-04-18 06:22:41.704,2026-04-18 10:57:41.704,2026-04-18,6,Morning (06-11),275,False,169.5,106,False,False,False,False,False,False,None
SJ056,SpiceJet,HYD,DEL,HYD - DEL,2026-04-18 06:11:41.701,2026-04-18 07:10:41.701,2026-04-18,6,Morning (06-11),59,False,196.5,-138,False,False,False,False,False,False,None
SJ137,SpiceJet,CCU,DEL,CCU - DEL,2026-04-18 06:08:41.702,2026-04-18 10:14:41.702,2026-04-18,6,Morning (06-11),246,False,139.5,106,False,False,False,False,False,False,None
6F081,IndiGo,MAA,BLR,MAA - BLR,2026-04-18 06:04:41.702,2026-04-18 07:43:41.702,2026-04-18,6,Morning (06-11),99,False,177.0,-78,False,False,False,False,False,False,None
6F088,IndiGo,CCU,BLR,CCU - BLR,2026-04-18 05:51:41.702,2026-04-18 08:22:41.702,2026-04-18,5,Night (00-05),151,False,167.0,-16,False,False,False,False,False,False,None
6F121,IndiGo,HYD,MAA,HYD - MAA,2026-04-18 05:44:41.702,2026-04-18 10:42:41.702,2026-04-18,5,Night (00-05),298,False,141.0,157,False,False,False,False,False,False,None
UK214,Vistara,HYD,DEL,HYD - DEL,2026-04-18 05:30:41.704,2026-04-18 09:10:41.704,2026-04-18,5,Night (00-05),220,False,196.5,24,False,False,False,False,False,False,None
6F060,IndiGo,DEL,BLR,DEL - BLR,2026-04-18 05:29:41.701,2026-04-18 07:29:42.000,2026-04-18,5,Night (00-05),120,False,191.0,-71,False,False,False,False,False,False,None
SJ101,SpiceJet,CCU,DEL,CCU - DEL,2026-04-18 05:17:41.702,2026-04-18 06:57:41.702,2026-04-18,5,Night (00-05),100,False,139.5,-40,False,False,False,False,False,False,None
AI017,Air India,CCU,BOM,CCU - BOM,2026-04-18 05:15:41.701,2026-04-18 08:48:41.701,2026-04-18,5,Night (00-05),213,False,174.0,39,False,False,False,False,False,False,None
6F120,IndiGo,BLR,BOM,BLR - BOM,2026-04-18 05:14:41.702,2026-04-18 06:14:41.702,2026-04-18,5,Night (00-05),60,False,140.5,-80,False,False,False,False,False,False,None
6F217,IndiGo,BLR,BOM,BLR - BOM,2026-04-18 05:13:41.704,2026-04-18 08:01:41.704,2026-04-18,5,Night (00-05),168,False,140.5,28,False,False,False,False,False,False,None
AI194,Air India,MAA,BLR,MAA - BLR,2026-04-18 05:09:41.703,2026-04-18 09:38:41.703,2026-04-18,5,Night (00-05),269,False,177.0,92,False,False,False,False,False,False,None
AI095,Air India,DEL,MAA,DEL - MAA,2026-04-18 05:00:41.702,2026-04-18 08:18:41.702,2026-04-18,5,Night (00-05),198,False,184.0,14,False,False,False,False,False,False,None
SJ190,SpiceJet,BOM,CCU,BOM - CCU,2026-04-18 04:57:41.703,2026-04-18 09:25:41.703,2026-04-18,4,Night (00-05),268,False,169.5,98,False,False,False,False,False,False,None
6F139,IndiGo,HYD,MAA,HYD - MAA,2026-04-18 04:55:41.702,2026-04-18 08:17:41.702,2026-04-18,4,Night (00-05),202,False,141.0,61,False,False,False,False,False,False,None
6F062,IndiGo,CCU,DEL,CCU - DEL,2026-04-18 04:55:41.701,2026-04-18 06:22:41.701,2026-04-18,4,Night (00-05),87,False,139.5,-52,False,False,False,False,False,False,None
UK011,Vistara,CCU,DEL,CCU - DEL,2026-04-18 04:41:41.701,2026-04-18 06:25:41.701,2026-04-18,4,Night (00-05),104,False,139.5,-36,False,False,False,False,False,False,None
6F100,IndiGo,BOM,BLR,BOM - BLR,2026-04-18 04:40:41.702,2026-04-18 07:49:41.702,2026-04-18,4,Night (00-05),189,False,170.0,19,False,False,False,False,False,False,None
6F228,IndiGo,HYD,MAA,HYD - MAA,2026-04-18 04:36:41.704,2026-04-18 09:27:41.704,2026-04-18,4,Night (00-05),291,False,141.0,150,False,False,False,False,False,False,None
UK033,Vistara,HYD,DEL,HYD - DEL,2026-04-18 04:34:41.701,2026-04-18 09:18:41.701,2026-04-18,4,Night (00-05),284,False,196.5,88,False,False,False,False,False,False,None
SJ231,SpiceJet,DEL,BLR,DEL - BLR,2026-04-18 04:23:41.704,2026-04-18 05:48:41.704,2026-04-18,4,Night (00-05),85,False,191.0,-106,False,False,False,False,False,False,None
AI166,Air India,BOM,CCU,BOM - CCU,2026-04-18 04:20:41.703,2026-04-18 07:23:41.703,2026-04-18,4,Night (00-05),183,False,169.5,14,False,False,False,False,False,False,None
SJ176,SpiceJet,DEL,BOM,DEL - BOM,2026-04-18 04:15:41.703,2026-04-18 06:17:41.703,2026-04-18,4,Night (00-05),122,False,176.0,-54,False,False,False,False,False,False,None
SJ065,SpiceJet,MAA,BLR,MAA - BLR,2026-04-18 04:10:41.701,2026-04-18 06:54:41.701,2026-04-18,4,Night (00-05),164,False,177.0,-13,False,False,False,False,False,False,None
6F160,IndiGo,MAA,BLR,MAA - BLR,2026-04-18 04:09:41.703,2026-04-18 08:26:41.703,2026-04-18,4,Night (00-05),257,False,177.0,80,False,False,False,False,False,False,None
AI089,Air India,CCU,BOM,CCU - BOM,2026-04-18 04:05:41.702,2026-04-18 04:47:41.702,2026-04-18,4,Night (00-05),42,False,174.0,-132,False,False,False,False,False,False,None
UK226,Vistara,MAA,HYD,MAA - HYD,2026-04-18 03:58:41.704,2026-04-18 05:01:41.704,2026-04-18,3,Night (00-05),63,False,164.0,-101,False,False,False,False,False,False,None
SJ123,SpiceJet,BOM,CCU,BOM - CCU,2026-04-18 03:57:41.702,2026-04-18 05:25:41.702,2026-04-18,3,Night (00-05),88,False,169.5,-82,False,False,False,False,False,False,None
AI054,Air India,HYD,CCU,HYD - CCU,2026-04-18 03:44:41.701,2026-04-18 08:10:41.701,2026-04-18,3,Night (00-05),266,False,177.0,89,False,False,False,False,False,False,None
UK019,Vistara,BOM,HYD,BOM - HYD,2026-04-18 03:41:41.701,2026-04-18 04:35:41.701,2026-04-18,3,Night (00-05),54,False,207.5,-154,False,False,False,False,False,False,None
UK032,Vistara,BLR,BOM,BLR - BOM,2026-04-18 03:31:41.701,2026-04-18 07:28:41.701,2026-04-18,3,Night (00-05),237,False,140.5,96,False,False,False,False,False,False,None
SJ100,SpiceJet,MAA,BLR,MAA - BLR,2026-04-18 03:28:41.702,2026-04-18 06:50:41.702,2026-04-18,3,Night (00-05),202,False,177.0,25,False,False,False,False,False,False,None
SJ094,SpiceJet,MAA,HYD,MAA - HYD,2026-04-18 03:23:41.702,2026-04-18 08:07:41.702,2026-04-18,3,Night (00-05),284,False,164.0,120,False,False,False,False,False,False,None
6F101,IndiGo,BOM,MAA,BOM - MAA,2026-04-18 03:18:41.702,2026-04-18 08:15:41.702,2026-04-18,3,Night (00-05),297,False,180.0,117,False,False,False,False,False,False,None
6F006,IndiGo,BOM,BLR,BOM - BLR,2026-04-18 03:06:41.701,2026-04-18 05:06:42.000,2026-04-18,3,Night (00-05),120,False,170.0,-50,False,False,False,False,False,False,None
AI006,Air India,BOM,BLR,BOM - BLR,2026-04-18 03:04:41.701,2026-04-18 05:54:41.701,2026-04-18,3,Night (00-05),170,False,170.0,0,False,False,False,False,False,False,None
AI195,Air India,CCU,MAA,CCU - MAA,2026-04-18 02:58:41.703,2026-04-18 04:57:41.703,2026-04-18,2,Night (00-05),119,False,165.0,-46,False,False,False,False,False,False,None
UK072,Vistara,BOM,BLR,BOM - BLR,2026-04-18 02:55:41.702,2026-04-18 05:55:42.000,2026-04-18,2,Night (00-05),180,False,170.0,10,False,False,False,False,False,False,None
AI244,Air India,BLR,BOM,BLR - BOM,2026-04-18 02:50:41.704,2026-04-18 03:25:41.704,2026-04-18,2,Night (00-05),35,False,140.5,-106,False,False,False,False,False,False,None
SJ059,SpiceJet,CCU,DEL,CCU - DEL,2026-04-18 02:50:41.701,2026-04-18 04:06:41.701,2026-04-18,2,Night (00-05),76,False,139.5,-64,False,False,False,False,False,False,None
SJ009,SpiceJet,CCU,BLR,CCU - BLR,2026-04-18 02:48:41.701,2026-04-18 04:23:41.701,2026-04-18,2,Night (00-05),95,False,167.0,-72,False,False,False,False,False,False,None
AI121,Air India,HYD,MAA,HYD - MAA,2026-04-18 02:42:41.702,2026-04-18 06:11:41.702,2026-04-18,2,Night (00-05),209,False,141.0,68,False,False,False,False,False,False,None
6F265,IndiGo,DEL,HYD,DEL - HYD,2026-04-18 02:27:41.703,2026-04-18 03:24:41.703,2026-04-18,2,Night (00-05),57,False,177.0,-120,False,False,True,False,False,False,None
6F110,IndiGo,HYD,DEL,HYD - DEL,2026-04-18 02:27:41.702,2026-04-18 05:48:41.702,2026-04-18,2,Night (00-05),201,False,196.5,4,False,False,False,False,False,False,None
UK018,Vistara,BOM,CCU,BOM - CCU,2026-04-18 02:15:41.701,2026-04-18 04:08:41.701,2026-04-18,2,Night (00-05),113,False,169.5,-56,False,False,False,False,False,False,None
6F072,IndiGo,BLR,CCU,BLR - CCU,2026-04-18 02:14:41.702,2026-04-18 03:11:41.702,2026-04-18,2,Night (00-05),57,False,97.0,-40,False,False,False,False,False,False,None
6F159,IndiGo,CCU,BOM,CCU - BOM,2026-04-18 02:08:41.703,2026-04-18 02:43:41.703,2026-04-18,2,Night (00-05),35,False,174.0,-139,False,False,False,False,False,False,None
6F095,IndiGo,BLR,MAA,BLR - MAA,2026-04-18 01:53:41.702,2026-04-18 05:34:41.702,2026-04-18,1,Night (00-05),221,False,219.0,2,False,False,False,False,False,False,None
SJ129,SpiceJet,CCU,BOM,CCU - BOM,2026-04-18 01:48:41.702,2026-04-18 05:48:41.702,2026-04-18,1,Night (00-05),240,False,174.0,66,False,False,False,False,False,False,None
UK039,Vistara,HYD,BOM,HYD - BOM,2026-04-18 01:40:41.701,2026-04-18 02:53:41.701,2026-04-18,1,Night (00-05),73,False,150.0,-77,False,False,False,False,False,False,None
6F130,IndiGo,DEL,HYD,DEL - HYD,2026-04-18 01:27:41.702,2026-04-18 02:45:41.702,2026-04-18,1,Night (00-05),78,False,177.0,-99,False,False,False,False,False,False,None
6F247,IndiGo,DEL,HYD,DEL - HYD,2026-04-18 01:27:41.702,2026-04-18 02:45:41.702,2026-04-18,1,Night (00-05),78,False,177.0,-99,False,False,False,False,False,False,None
SJ233,SpiceJet,DEL,HYD,DEL - HYD,2026-04-18 01:18:41.704,2026-04-18 02:56:41.704,2026-04-18,1,Night (00-05),98,False,177.0,-79,False,False,False,False,False,False,None
6F231,IndiGo,HYD,MAA,HYD - MAA,2026-04-18 01:16:41.704,2026-04-18 05:43:41.704,2026-04-18,1,Night (00-05),267,False,141.0,126,False,False,False,False,False,False,None
AI125,Air India,CCU,DEL,CCU - DEL,2026-04-18 01:12:41.702,2026-04-18 04:51:41.702,2026-04-18,1,Night (00-05),219,False,139.5,80,False,False,True,False,False,False,None
6F102,IndiGo,HYD,MAA,HYD - MAA,2026-04-18 01:10:41.702,2026-04-18 02:24:41.702,2026-04-18,1,Night (00-05),74,False,141.0,-67,False,False,False,False,False,False,None
UK078,Vistara,BOM,HYD,BOM - HYD,2026-04-18 01:03:41.702,2026-04-18 04:32:41.702,2026-04-18,1,Night (00-05),209,False,207.5,2,False,False,False,False,False,False,None
UK043,Vistara,DEL,HYD,DEL - HYD,2026-04-18 00:48:41.701,2026-04-18 04:52:41.701,2026-04-18,0,Night (00-05),244,False,177.0,67,False,False,True,False,False,False,None
AI144,Air India,MAA,BOM,MAA - BOM,2026-04-18 00:43:41.702,2026-04-18 03:36:41.702,2026-04-18,0,Night (00-05),173,False,173.0,0,False,False,False,False,False,False,None
UK054,Vistara,BLR,BOM,BLR - BOM,2026-04-18 00:37:41.701,2026-04-18 05:30:41.701,2026-04-18,0,Night (00-05),293,False,140.5,152,False,False,False,False,False,False,None
UK108,Vistara,DEL,BLR,DEL - BLR,2026-04-18 00:28:41.702,2026-04-18 03:46:41.702,2026-04-18,0,Night (00-05),198,False,191.0,7,False,False,False,False,False,False,None
6F008,IndiGo,DEL,BOM,DEL - BOM,2026-04-18 00:14:41.701,2026-04-18 04:59:41.701,2026-04-18,0,Night (00-05),285,False,176.0,109,False,False,False,False,False,False,None
6F106,IndiGo,BOM,CCU,BOM - CCU,2026-04-18 00:10:41.702,2026-04-18 01:52:41.702,2026-04-18,0,Night (00-05),102,False,169.5,-68,False,False,False,False,False,False,None
AI203,Air India,BOM,CCU,BOM - CCU,2026-04-18 00:09:41.703,2026-04-18 02:56:41.703,2026-04-18,0,Night (00-05),167,False,169.5,-2,False,False,False,False,False,False,None
AI065,Air India,MAA,BLR,MAA - BLR,2026-04-18 00:09:41.701,2026-04-18 05:00:41.701,2026-04-18,0,Night (00-05),291,False,177.0,114,False,False,True,False,False,False,None
UK053,Vistara,BLR,BOM,BLR - BOM,2026-04-17 23:56:41.701,2026-04-18 02:46:41.701,2026-04-17,23,Late night (21-23),170,True,140.5,30,False,False,False,False,False,False,None
UK086,Vistara,CCU,BLR,CCU - BLR,2026-04-17 23:55:41.702,2026-04-18 02:27:41.702,2026-04-17,23,Late night (21-23),152,True,167.0,-15,False,False,False,False,False,False,None
SJ223,SpiceJet,HYD,MAA,HYD - MAA,2026-04-17 23:54:41.703,2026-04-18 01:08:41.703,2026-04-17,23,Late night (21-23),74,True,141.0,-67,False,False,False,False,False,False,None
6F069,IndiGo,MAA,BLR,MAA - BLR,2026-04-17 23:44:41.701,2026-04-18 03:17:41.701,2026-04-17,23,Late night (21-23),213,True,177.0,36,False,False,False,False,False,False,None
6F032,IndiGo,DEL,BOM,DEL - BOM,2026-04-17 23:43:41.701,2026-04-18 02:22:41.701,2026-04-17,23,Late night (21-23),159,True,176.0,-17,False,False,False,False,False,False,None
UK178,Vistara,DEL,BLR,DEL - BLR,2026-04-17 23:41:41.703,2026-04-18 04:09:41.703,2026-04-17,23,Late night (21-23),268,True,191.0,77,False,False,False,False,False,False,None
6F108,IndiGo,DEL,HYD,DEL - HYD,2026-04-17 23:41:41.702,2026-04-18 03:23:41.702,2026-04-17,23,Late night (21-23),222,True,177.0,45,False,False,False,False,False,False,None
UK147,Vistara,CCU,DEL,CCU - DEL,2026-04-17 23:35:41.703,2026-04-18 02:55:41.703,2026-04-17,23,Late night (21-23),200,True,139.5,60,False,False,False,False,False,False,None
AI187,Air India,BLR,HYD,BLR - HYD,2026-04-17 23:32:41.703,2026-04-18 01:16:41.703,2026-04-17,23,Late night (21-23),104,True,167.0,-63,False,False,False,False,False,False,None
UK213,Vistara,BOM,CCU,BOM - CCU,2026-04-17 23:21:41.704,2026-04-18 01:01:41.704,2026-04-17,23,Late night (21-23),100,True,169.5,-70,False,False,False,False,False,False,None
AI035,Air India,DEL,MAA,DEL - MAA,2026-04-17 23:17:41.701,2026-04-18 00:48:41.701,2026-04-17,23,Late night (21-23),91,True,184.0,-93,False,False,False,False,False,False,None
UK186,Vistara,BOM,BLR,BOM - BLR,2026-04-17 23:05:41.703,2026-04-18 02:22:41.703,2026-04-17,23,Late night (21-23),197,True,170.0,27,False,False,False,False,False,False,None
6F045,IndiGo,BOM,HYD,BOM - HYD,2026-04-17 23:04:41.701,2026-04-18 03:38:41.701,2026-04-17,23,Late night (21-23),274,True,207.5,66,False,False,False,False,False,False,None
UK025,Vistara,DEL,BOM,DEL - BOM,2026-04-17 22:55:41.701,2026-04-18 02:47:41.701,2026-04-17,22,Late night (21-23),232,True,176.0,56,False,False,False,False,False,False,None
UK162,Vistara,BOM,CCU,BOM - CCU,2026-04-17 22:47:41.703,2026-04-18 00:21:41.703,2026-04-17,22,Late night (21-23),94,True,169.5,-76,False,False,False,False,False,False,None
AI157,Air India,BLR,CCU,BLR - CCU,2026-04-17 22:45:41.703,2026-04-18 01:33:41.703,2026-04-17,22,Late night (21-23),168,True,97.0,71,False,False,False,False,False,False,None
6F096,IndiGo,MAA,BLR,MAA - BLR,2026-04-17 22:45:41.702,2026-04-18 02:58:41.702,2026-04-17,22,Late night (21-23),253,True,177.0,76,False,False,False,False,False,False,None
SJ229,SpiceJet,CCU,DEL,CCU - DEL,2026-04-17 22:25:41.704,2026-04-18 00:27:41.704,2026-04-17,22,Late night (21-23),122,True,139.5,-18,False,False,False,False,False,False,None
AI214,Air India,CCU,DEL,CCU - DEL,2026-04-17 22:23:41.703,2026-04-18 02:49:41.703,2026-04-17,22,Late night (21-23),266,True,139.5,126,False,False,False,False,False,False,None
6F205,IndiGo,HYD,BOM,HYD - BOM,2026-04-17 22:16:41.703,2026-04-18 00:02:41.703,2026-04-17,22,Late night (21-23),106,True,150.0,-44,False,False,False,False,False,False,None
SJ157,SpiceJet,DEL,HYD,DEL - HYD,2026-04-17 22:11:41.703,2026-04-18 01:05:41.703,2026-04-17,22,Late night (21-23),174,True,177.0,-3,False,False,False,False,False,False,None
UK114,Vistara,HYD,CCU,HYD - CCU,2026-04-17 22:10:41.702,2026-04-17 23:58:41.702,2026-04-17,22,Late night (21-23),108,False,177.0,-69,False,False,False,False,False,False,None
6F054,IndiGo,HYD,BLR,HYD - BLR,2026-04-17 22:00:41.701,2026-04-18 01:25:41.701,2026-04-17,22,Late night (21-23),205,True,136.0,69,False,False,False,False,False,False,None
6F216,IndiGo,BLR,DEL,BLR - DEL,2026-04-17 21:58:41.704,2026-04-18 02:51:41.704,2026-04-17,21,Late night (21-23),293,True,125.0,168,False,False,False,False,False,False,None
AI231,Air India,DEL,HYD,DEL - HYD,2026-04-17 21:52:41.704,2026-04-17 23:51:41.704,2026-04-17,21,Late night (21-23),119,False,177.0,-58,False,False,False,False,False,False,None
UK103,Vistara,MAA,DEL,MAA - DEL,2026-04-17 21:52:41.702,2026-04-18 01:06:41.702,2026-04-17,21,Late night (21-23),194,True,175.5,18,False,False,False,False,False,False,None
AI066,Air India,HYD,MAA,HYD - MAA,2026-04-17 21:51:41.701,2026-04-18 00:11:41.701,2026-04-17,21,Late night (21-23),140,True,141.0,-1,False,False,False,False,False,False,None
6F186,IndiGo,HYD,BOM,HYD - BOM,2026-04-17 21:48:41.703,2026-04-18 02:02:41.703,2026-04-17,21,Late night (21-23),254,True,150.0,104,False,False,False,False,False,False,None
AI021,Air India,DEL,HYD,DEL - HYD,2026-04-17 21:39:41.701,2026-04-18 01:38:41.701,2026-04-17,21,Late night (21-23),239,True,177.0,62,False,False,False,False,False,False,None
AI113,Air India,CCU,HYD,CCU - HYD,2026-04-17 21:21:41.702,2026-04-17 23:51:41.702,2026-04-17,21,Late night (21-23),150,False,150.0,0,False,False,False,False,False,False,None
SJ031,SpiceJet,DEL,BOM,DEL - BOM,2026-04-17 21:20:41.701,2026-04-17 22:29:41.701,2026-04-17,21,Late night (21-23),69,False,176.0,-107,False,False,False,False,False,False,None
UK217,Vistara,MAA,CCU,MAA - CCU,2026-04-17 21:19:41.704,2026-04-17 22:14:41.704,2026-04-17,21,Late night (21-23),55,False,132.5,-78,False,False,False,False,False,False,None
SJ120,SpiceJet,MAA,BLR,MAA - BLR,2026-04-17 21:19:41.702,2026-04-18 00:56:41.702,2026-04-17,21,Late night (21-23),217,True,177.0,40,False,False,False,False,False,False,None
UK180,Vistara,CCU,MAA,CCU - MAA,2026-04-17 21:18:41.703,2026-04-17 23:29:41.703,2026-04-17,21,Late night (21-23),131,False,165.0,-34,False,False,False,False,False,False,None
6F242,IndiGo,BLR,MAA,BLR - MAA,2026-04-17 21:10:41.704,2026-04-18 01:04:41.704,2026-04-17,21,Late night (21-23),234,True,219.0,15,False,False,False,False,False,False,None
UK080,Vistara,BLR,MAA,BLR - MAA,2026-04-17 21:09:41.702,2026-04-17 22:29:41.702,2026-04-17,21,Late night (21-23),80,False,219.0,-139,False,False,False,False,False,False,None
SJ124,SpiceJet,HYD,DEL,HYD - DEL,2026-04-17 21:05:41.702,2026-04-18 01:12:41.702,2026-04-17,21,Late night (21-23),247,True,196.5,50,False,False,False,False,False,False,None
SJ115,SpiceJet,BOM,HYD,BOM - HYD,2026-04-17 21:05:41.702,2026-04-17 23:10:41.702,2026-04-17,21,Late night (21-23),125,False,207.5,-82,False,False,False,False,False,False,None
AI081,Air India,CCU,BOM,CCU - BOM,2026-04-17 21:03:41.702,2026-04-17 22:51:41.702,2026-04-17,21,Late night (21-23),108,False,174.0,-66,False,False,False,False,False,False,None
AI142,Air India,BOM,DEL,BOM - DEL,2026-04-17 20:49:41.702,2026-04-17 23:03:41.702,2026-04-17,20,Evening (17-20),134,False,157.0,-23,False,False,False,False,False,False,None
UK052,Vistara,BLR,CCU,BLR - CCU,2026-04-17 20:48:41.701,2026-04-17 21:40:41.701,2026-04-17,20,Evening (17-20),52,False,97.0,-45,False,False,False,False,False,False,None
UK014,Vistara,HYD,MAA,HYD - MAA,2026-04-17 20:41:41.701,2026-04-17 22:06:41.701,2026-04-17,20,Evening (17-20),85,False,141.0,-56,False,False,False,False,False,False,None
AI230,Air India,CCU,BLR,CCU - BLR,2026-04-17 20:37:41.704,2026-04-18 00:22:41.704,2026-04-17,20,Evening (17-20),225,True,167.0,58,False,False,True,False,False,False,None
6F268,IndiGo,DEL,MAA,DEL - MAA,2026-04-17 20:29:41.701,2026-04-17 21:58:41.701,2026-04-17,20,Evening (17-20),89,False,184.0,-95,False,False,True,False,False,False,None
AI124,Air India,CCU,HYD,CCU - HYD,2026-04-17 20:28:41.702,2026-04-18 00:00:41.702,2026-04-17,20,Evening (17-20),212,True,150.0,62,False,False,False,False,False,False,None
6F082,IndiGo,BOM,BLR,BOM - BLR,2026-04-17 20:26:41.702,2026-04-17 22:26:41.702,2026-04-17,20,Evening (17-20),120,False,170.0,-50,False,False,False,False,False,False,None
SJ035,SpiceJet,CCU,DEL,CCU - DEL,2026-04-17 20:15:41.701,2026-04-17 21:15:42.000,2026-04-17,20,Evening (17-20),60,False,139.5,-80,False,False,False,False,False,False,None
SJ095,SpiceJet,DEL,MAA,DEL - MAA,2026-04-17 20:09:41.702,2026-04-17 23:13:41.702,2026-04-17,20,Evening (17-20),184,False,184.0,0,False,False,False,False,False,False,None
UK230,Vistara,BLR,BOM,BLR - BOM,2026-04-17 20:02:41.704,2026-04-17 21:35:41.704,2026-04-17,20,Evening (17-20),93,False,140.5,-48,False,False,False,False,False,False,None
UK171,Vistara,HYD,CCU,HYD - CCU,2026-04-17 19:59:41.703,2026-04-17 22:53:41.703,2026-04-17,19,Evening (17-20),174,False,177.0,-3,False,False,False,False,False,False,None
6F147,IndiGo,HYD,MAA,HYD - MAA,2026-04-17 19:57:41.703,2026-04-18 00:31:41.703,2026-04-17,19,Evening (17-20),274,True,141.0,133,False,False,False,False,False,False,None
SJ212,SpiceJet,MAA,BLR,MAA - BLR,2026-04-17 19:49:41.703,2026-04-17 21:44:41.703,2026-04-17,19,Evening (17-20),115,False,177.0,-62,False,False,True,False,False,False,None
6F080,IndiGo,HYD,MAA,HYD - MAA,2026-04-17 19:47:41.702,2026-04-17 23:13:41.702,2026-04-17,19,Evening (17-20),206,False,141.0,65,False,False,False,False,False,False,None
UK049,Vistara,HYD,BOM,HYD - BOM,2026-04-17 19:47:41.701,2026-04-17 20:32:41.701,2026-04-17,19,Evening (17-20),45,False,150.0,-105,False,False,False,False,False,False,None
AI152,Air India,BLR,CCU,BLR - CCU,2026-04-17 19:21:41.703,2026-04-17 20:26:41.703,2026-04-17,19,Evening (17-20),65,False,97.0,-32,False,False,False,False,False,False,None
AI162,Air India,MAA,DEL,MAA - DEL,2026-04-17 19:20:41.703,2026-04-17 22:40:41.703,2026-04-17,19,Evening (17-20),200,False,175.5,24,False,False,False,False,False,False,None
SJ037,SpiceJet,BLR,BOM,BLR - BOM,2026-04-17 19:14:41.701,2026-04-17 22:31:41.701,2026-04-17,19,Evening (17-20),197,False,140.5,56,False,False,False,False,False,False,None
AI172,Air India,BOM,CCU,BOM - CCU,2026-04-17 19:08:41.703,2026-04-17 19:53:41.703,2026-04-17,19,Evening (17-20),45,False,169.5,-124,False,False,False,False,False,False,None
UK205,Vistara,HYD,MAA,HYD - MAA,2026-04-17 18:57:41.703,2026-04-17 21:46:41.703,2026-04-17,18,Evening (17-20),169,False,141.0,28,False,False,False,False,False,False,None
AI199,Air India,HYD,DEL,HYD - DEL,2026-04-17 18:47:41.703,2026-04-17 22:26:41.703,2026-04-17,18,Evening (17-20),219,False,196.5,22,False,False,False,False,False,False,None
6F241,IndiGo,DEL,HYD,DEL - HYD,2026-04-17 18:27:41.704,2026-04-17 19:02:41.704,2026-04-17,18,Evening (17-20),35,False,177.0,-142,False,False,False,False,False,False,None
SJ041,SpiceJet,CCU,HYD,CCU - HYD,2026-04-17 18:24:41.701,2026-04-17 22:59:41.701,2026-04-17,18,Evening (17-20),275,False,150.0,125,False,False,False,False,False,False,None
AI064,Air India,BLR,MAA,BLR - MAA,2026-04-17 18:24:41.701,2026-04-17 20:07:41.701,2026-04-17,18,Evening (17-20),103,False,219.0,-116,False,False,False,False,False,False,None
UK169,Vistara,HYD,DEL,HYD - DEL,2026-04-17 18:12:41.703,2026-04-17 23:01:41.703,2026-04-17,18,Evening (17-20),289,False,196.5,92,False,False,False,False,False,False,None
UK144,Vistara,BOM,CCU,BOM - CCU,2026-04-17 18:07:41.703,2026-04-17 20:59:41.703,2026-04-17,18,Evening (17-20),172,False,169.5,2,False,False,False,False,False,False,None
AI118,Air India,HYD,MAA,HYD - MAA,2026-04-17 17:50:41.702,2026-04-17 19:59:41.702,2026-04-17,17,Evening (17-20),129,False,141.0,-12,False,False,False,False,False,False,None
SJ145,SpiceJet,BLR,HYD,BLR - HYD,2026-04-17 17:41:41.702,2026-04-17 20:38:41.702,2026-04-17,17,Evening (17-20),177,False,167.0,10,False,False,False,False,False,False,None
SJ077,SpiceJet,BLR,MAA,BLR - MAA,2026-04-17 17:32:41.701,2026-04-17 19:40:41.701,2026-04-17,17,Evening (17-20),128,False,219.0,-91,False,False,False,False,False,False,None
AI126,Air India,MAA,HYD,MAA - HYD,2026-04-17 17:26:41.702,2026-04-17 20:48:41.702,2026-04-17,17,Evening (17-20),202,False,164.0,38,False,False,False,False,False,False,None
SJ033,SpiceJet,HYD,DEL,HYD - DEL,2026-04-17 17:26:41.701,2026-04-17 18:51:41.701,2026-04-17,17,Evening (17-20),85,False,196.5,-112,False,False,False,False,False,False,None
SJ180,SpiceJet,HYD,CCU,HYD - CCU,2026-04-17 17:12:41.703,2026-04-17 22:00:41.703,2026-04-17,17,Evening (17-20),288,False,177.0,111,False,False,False,False,False,False,None
6F183,IndiGo,MAA,HYD,MAA - HYD,2026-04-17 17:08:41.703,2026-04-17 19:52:41.703,2026-04-17,17,Evening (17-20),164,False,164.0,0,False,False,False,False,False,False,None
AI145,Air India,DEL,BOM,DEL - BOM,2026-04-17 17:06:41.702,2026-04-17 21:31:41.702,2026-04-17,17,Evening (17-20),265,False,176.0,89,False,False,True,False,False,False,None
6F089,IndiGo,DEL,HYD,DEL - HYD,2026-04-17 17:06:41.702,2026-04-17 19:10:41.702,2026-04-17,17,Evening (17-20),124,False,177.0,-53,False,False,False,False,False,False,None
6F207,IndiGo,BOM,HYD,BOM - HYD,2026-04-17 16:59:41.703,2026-04-17 21:00:41.703,2026-04-17,16,Afternoon (12-16),241,False,207.5,34,False,False,False,False,False,False,None
AI229,Air India,HYD,MAA,HYD - MAA,2026-04-17 16:48:41.703,2026-04-17 18:40:41.703,2026-04-17,16,Afternoon (12-16),112,False,141.0,-29,False,False,False,False,False,False,None
6F223,IndiGo,MAA,BLR,MAA - BLR,2026-04-17 16:47:41.704,2026-04-17 17:21:41.704,2026-04-17,16,Afternoon (12-16),34,False,177.0,-143,False,False,False,False,False,False,None
6F116,IndiGo,MAA,CCU,MAA - CCU,2026-04-17 16:43:41.702,2026-04-17 19:02:41.702,2026-04-17,16,Afternoon (12-16),139,False,132.5,6,False,False,False,False,False,False,None
SJ240,SpiceJet,BOM,HYD,BOM - HYD,2026-04-17 16:42:41.704,2026-04-17 20:21:41.704,2026-04-17,16,Afternoon (12-16),219,False,207.5,12,False,False,False,False,False,False,None
SJ184,SpiceJet,CCU,DEL,CCU - DEL,2026-04-17 16:32:41.703,2026-04-17 21:00:41.703,2026-04-17,16,Afternoon (12-16),268,False,139.5,128,False,False,False,False,False,False,None
AI087,Air India,MAA,DEL,MAA - DEL,2026-04-17 16:32:41.702,2026-04-17 20:30:41.702,2026-04-17,16,Afternoon (12-16),238,False,175.5,62,False,False,False,False,False,False,None
UK148,Vistara,HYD,BOM,HYD - BOM,2026-04-17 16:31:41.703,2026-04-17 18:43:41.703,2026-04-17,16,Afternoon (12-16),132,False,150.0,-18,False,False,False,False,False,False,None
AI210,Air India,BLR,BOM,BLR - BOM,2026-04-17 16:13:41.703,2026-04-17 18:50:41.703,2026-04-17,16,Afternoon (12-16),157,False,140.5,16,False,False,False,False,False,False,None
6F093,IndiGo,CCU,DEL,CCU - DEL,2026-04-17 16:09:41.702,2026-04-17 20:00:41.702,2026-04-17,16,Afternoon (12-16),231,False,139.5,92,False,False,False,False,False,False,None
SJ080,SpiceJet,CCU,MAA,CCU - MAA,2026-04-17 16:04:41.702,2026-04-17 17:59:41.702,2026-04-17,16,Afternoon (12-16),115,False,165.0,-50,False,False,False,False,False,False,None
SJ005,SpiceJet,DEL,MAA,DEL - MAA,2026-04-17 16:03:41.701,2026-04-17 17:24:41.701,2026-04-17,16,Afternoon (12-16),81,False,184.0,-103,False,False,False,False,False,False,None
6F040,IndiGo,HYD,CCU,HYD - CCU,2026-04-17 15:52:41.701,2026-04-17 20:33:41.701,2026-04-17,15,Afternoon (12-16),281,False,177.0,104,False,False,False,False,False,False,None
AI212,Air India,DEL,CCU,DEL - CCU,2026-04-17 15:31:41.703,2026-04-17 20:13:41.703,2026-04-17,15,Afternoon (12-16),282,False,144.0,138,False,False,False,False,False,False,None
AI154,Air India,HYD,MAA,HYD - MAA,2026-04-17 15:25:41.703,2026-04-17 19:16:41.703,2026-04-17,15,Afternoon (12-16),231,False,141.0,90,False,False,False,False,False,False,None
6F239,IndiGo,CCU,BOM,CCU - BOM,2026-04-17 15:24:41.704,2026-04-17 17:37:41.704,2026-04-17,15,Afternoon (12-16),133,False,174.0,-41,False,False,False,False,False,False,None
UK199,Vistara,BOM,CCU,BOM - CCU,2026-04-17 15:24:41.703,2026-04-17 18:55:41.703,2026-04-17,15,Afternoon (12-16),211,False,169.5,42,False,False,False,False,False,False,None
6F218,IndiGo,BLR,BOM,BLR - BOM,2026-04-17 15:16:41.704,2026-04-17 19:03:41.704,2026-04-17,15,Afternoon (12-16),227,False,140.5,86,False,False,False,False,False,False,None
6F011,IndiGo,MAA,BLR,MAA - BLR,2026-04-17 15:16:41.701,2026-04-17 17:16:42.000,2026-04-17,15,Afternoon (12-16),120,False,177.0,-57,False,False,False,False,False,False,None
UK106,Vistara,BOM,CCU,BOM - CCU,2026-04-17 15:12:41.702,2026-04-17 17:23:41.702,2026-04-17,15,Afternoon (12-16),131,False,169.5,-38,False,False,False,False,False,False,None
UK030,Vistara,CCU,DEL,CCU - DEL,2026-04-17 15:11:41.701,2026-04-17 19:38:41.701,2026-04-17,15,Afternoon (12-16),267,False,139.5,128,False,False,False,False,False,False,None
6F090,IndiGo,HYD,BLR,HYD - BLR,2026-04-17 15:10:41.702,2026-04-17 19:22:41.702,2026-04-17,15,Afternoon (12-16),252,False,136.0,116,False,False,False,False,False,False,None
AI184,Air India,BOM,CCU,BOM - CCU,2026-04-17 15:03:41.703,2026-04-17 17:03:42.000,2026-04-17,15,Afternoon (12-16),120,False,169.5,-50,False,False,False,False,False,False,None
SJ232,SpiceJet,MAA,BLR,MAA - BLR,2026-04-17 15:02:41.704,2026-04-17 19:22:41.704,2026-04-17,15,Afternoon (12-16),260,False,177.0,83,False,False,False,False,False,False,None
AI153,Air India,BOM,CCU,BOM - CCU,2026-04-17 15:02:41.703,2026-04-17 16:30:41.703,2026-04-17,15,Afternoon (12-16),88,False,169.5,-82,False,False,False,False,False,False,None
UK101,Vistara,DEL,HYD,DEL - HYD,2026-04-17 15:00:41.702,2026-04-17 17:43:41.702,2026-04-17,15,Afternoon (12-16),163,False,177.0,-14,False,False,False,False,False,False,None
6F200,IndiGo,HYD,DEL,HYD - DEL,2026-04-17 14:54:41.703,2026-04-17 19:41:41.703,2026-04-17,14,Afternoon (12-16),287,False,196.5,90,False,False,False,False,False,False,None
6F162,IndiGo,CCU,BOM,CCU - BOM,2026-04-17 14:50:41.703,2026-04-17 17:44:41.703,2026-04-17,14,Afternoon (12-16),174,False,174.0,0,False,False,False,False,False,False,None
SJ197,SpiceJet,HYD,BLR,HYD - BLR,2026-04-17 14:49:41.703,2026-04-17 17:33:41.703,2026-04-17,14,Afternoon (12-16),164,False,136.0,28,False,False,False,False,False,False,None
AI174,Air India,DEL,CCU,DEL - CCU,2026-04-17 14:45:41.703,2026-04-17 17:01:41.703,2026-04-17,14,Afternoon (12-16),136,False,144.0,-8,False,False,False,False,False,False,None
UK090,Vistara,HYD,MAA,HYD - MAA,2026-04-17 14:44:41.702,2026-04-17 17:24:41.702,2026-04-17,14,Afternoon (12-16),160,False,141.0,19,False,False,False,False,False,False,None
UK124,Vistara,MAA,BLR,MAA - BLR,2026-04-17 14:35:41.702,2026-04-17 17:09:41.702,2026-04-17,14,Afternoon (12-16),154,False,177.0,-23,False,False,False,False,False,False,None
AI239,Air India,BOM,HYD,BOM - HYD,2026-04-17 14:33:41.704,2026-04-17 17:47:41.704,2026-04-17,14,Afternoon (12-16),194,False,207.5,-14,False,False,False,False,False,False,None
UK002,Vistara,CCU,MAA,CCU - MAA,2026-04-17 14:28:41.700,2026-04-17 19:20:41.700,2026-04-17,14,Afternoon (12-16),292,False,165.0,127,False,False,False,False,False,False,None
SJ055,SpiceJet,HYD,MAA,HYD - MAA,2026-04-17 14:17:41.701,2026-04-17 17:56:41.701,2026-04-17,14,Afternoon (12-16),219,False,141.0,78,False,False,False,False,False,False,None
UK132,Vistara,BOM,DEL,BOM - DEL,2026-04-17 14:12:41.702,2026-04-17 16:19:41.702,2026-04-17,14,Afternoon (12-16),127,False,157.0,-30,False,False,False,False,False,False,None
6F002,IndiGo,BLR,MAA,BLR - MAA,2026-04-17 14:11:41.700,2026-04-17 17:34:41.700,2026-04-17,14,Afternoon (12-16),203,False,219.0,-16,False,False,False,False,False,False,None
UK005,Vistara,BOM,MAA,BOM - MAA,2026-04-17 14:02:41.701,2026-04-17 18:14:41.701,2026-04-17,14,Afternoon (12-16),252,False,180.0,72,False,False,False,False,False,False,None
6F258,IndiGo,BOM,DEL,BOM - DEL,2026-04-17 13:54:41.703,2026-04-17 16:49:41.703,2026-04-17,13,Afternoon (12-16),175,False,157.0,18,False,False,True,False,False,False,None
SJ244,SpiceJet,BLR,DEL,BLR - DEL,2026-04-17 13:51:41.704,2026-04-17 15:39:41.704,2026-04-17,13,Afternoon (12-16),108,False,125.0,-17,False,False,False,False,False,False,None
AI075,Air India,CCU,DEL,CCU - DEL,2026-04-17 13:51:41.702,2026-04-17 16:49:41.702,2026-04-17,13,Afternoon (12-16),178,False,139.5,38,False,False,False,False,False,False,None
AI160,Air India,MAA,DEL,MAA - DEL,2026-04-17 13:41:41.703,2026-04-17 17:01:41.703,2026-04-17,13,Afternoon (12-16),200,False,175.5,24,False,False,False,False,False,False,None
UK091,Vistara,CCU,BOM,CCU - BOM,2026-04-17 13:37:41.702,2026-04-17 17:31:41.702,2026-04-17,13,Afternoon (12-16),234,False,174.0,60,False,False,False,False,False,False,None
UK195,Vistara,HYD,BOM,HYD - BOM,2026-04-17 13:35:41.703,2026-04-17 16:35:41.703,2026-04-17,13,Afternoon (12-16),180,False,150.0,30,False,False,False,False,False,False,None
6F044,IndiGo,DEL,HYD,DEL - HYD,2026-04-17 13:25:41.701,2026-04-17 17:36:41.701,2026-04-17,13,Afternoon (12-16),251,False,177.0,74,False,False,False,False,False,False,None
6F248,IndiGo,DEL,HYD,DEL - HYD,2026-04-17 13:25:41.701,2026-04-17 17:36:41.701,2026-04-17,13,Afternoon (12-16),251,False,177.0,74,False,False,False,False,False,False,None
6F204,IndiGo,DEL,CCU,DEL - CCU,2026-04-17 13:23:41.703,2026-04-17 16:04:41.703,2026-04-17,13,Afternoon (12-16),161,False,144.0,17,False,False,False,False,False,False,None
SJ092,SpiceJet,BLR,MAA,BLR - MAA,2026-04-17 13:19:41.702,2026-04-17 17:56:41.702,2026-04-17,13,Afternoon (12-16),277,False,219.0,58,False,False,False,False,False,False,None
AI119,Air India,MAA,BLR,MAA - BLR,2026-04-17 13:15:41.702,2026-04-17 15:57:41.702,2026-04-17,13,Afternoon (12-16),162,False,177.0,-15,False,False,False,False,False,False,None
AI151,Air India,MAA,HYD,MAA - HYD,2026-04-17 13:14:41.703,2026-04-17 14:10:41.703,2026-04-17,13,Afternoon (12-16),56,False,164.0,-108,False,False,False,False,False,False,None
UK107,Vistara,HYD,BOM,HYD - BOM,2026-04-17 13:09:41.702,2026-04-17 14:25:41.702,2026-04-17,13,Afternoon (12-16),76,False,150.0,-74,False,False,False,False,False,False,None
SJ019,SpiceJet,BLR,DEL,BLR - DEL,2026-04-17 13:07:41.701,2026-04-17 15:56:41.701,2026-04-17,13,Afternoon (12-16),169,False,125.0,44,False,False,False,False,False,False,None
AI052,Air India,CCU,MAA,CCU - MAA,2026-04-17 13:06:41.701,2026-04-17 15:42:41.701,2026-04-17,13,Afternoon (12-16),156,False,165.0,-9,False,False,False,False,False,False,None
SJ177,SpiceJet,BOM,CCU,BOM - CCU,2026-04-17 13:04:41.703,2026-04-17 17:37:41.703,2026-04-17,13,Afternoon (12-16),273,False,169.5,104,False,False,False,False,False,False,None
6F215,IndiGo,DEL,BLR,DEL - BLR,2026-04-17 13:00:41.703,2026-04-17 17:30:41.703,2026-04-17,13,Afternoon (12-16),270,False,191.0,79,False,False,False,False,False,False,None
AI223,Air India,BOM,CCU,BOM - CCU,2026-04-17 12:53:41.703,2026-04-17 14:42:41.703,2026-04-17,12,Afternoon (12-16),109,False,169.5,-60,False,False,False,False,False,False,None
SJ069,SpiceJet,HYD,BLR,HYD - BLR,2026-04-17 12:53:41.701,2026-04-17 14:17:41.701,2026-04-17,12,Afternoon (12-16),84,False,136.0,-52,False,False,False,False,False,False,None
6F198,IndiGo,HYD,BLR,HYD - BLR,2026-04-17 12:40:41.703,2026-04-17 17:39:41.703,2026-04-17,12,Afternoon (12-16),299,False,136.0,163,False,False,False,False,False,False,None
AI093,Air India,BOM,BLR,BOM - BLR,2026-04-17 12:35:41.702,2026-04-17 17:28:41.702,2026-04-17,12,Afternoon (12-16),293,False,170.0,123,False,False,False,False,False,False,None
UK062,Vistara,HYD,DEL,HYD - DEL,2026-04-17 12:33:41.701,2026-04-17 15:35:41.701,2026-04-17,12,Afternoon (12-16),182,False,196.5,-14,False,False,False,False,False,False,None
6F057,IndiGo,MAA,DEL,MAA - DEL,2026-04-17 12:32:41.701,2026-04-17 15:50:41.701,2026-04-17,12,Afternoon (12-16),198,False,175.5,22,False,False,False,False,False,False,None
UK064,Vistara,BOM,DEL,BOM - DEL,2026-04-17 12:25:41.701,2026-04-17 14:55:41.701,2026-04-17,12,Afternoon (12-16),150,False,157.0,-7,False,False,False,False,False,False,None
