passenger_id,passenger_key,aadhaar_hash,email_masked,email_domain,phone_masked,gender,age,age_band
P1000,4f13b2daa5295ad4,63525eecb990cb90,v***************e@gmail.com,gmail.com,+91-68****3790,F,52,45-54
P1001,fed8d21f8c78a611,d1cd5be7477b08c4,k***********y@hotmail.com,hotmail.com,+91-67****2297,M,15,13-17
P1002,36b6ee7ac73ef4b8,dbd9779f1abb4bdc,m********u@outlook.com,outlook.com,+91-61****5092,M,72,65+
P1003,5367b0d50df6db84,8035656dcb82f320,m*********a@hotmail.com,hotmail.com,+91-87****7151,F,61,55-64
P1004,3dbd56f13d7a81cc,bb335cc497ae7366,s*************e@outlook.com,outlook.com,+91-78****5113,M,21,18-24
P1005,671fb7e28502d80c,b221bff7d9797e63,r***********i@gmail.com,gmail.com,+91-79****3818,M,83,65+
P1006,93bef72694e5e4a5,5397e28ce8fe33f9,k********r@yahoo.com,yahoo.com,+91-78****5830,M,87,65+
P1007,feade3af8763c8a1,c0ab21870229a16e,s********i@gmail.com,gmail.com,+91-62****2119,M,75,65+
P1008,525d79c12b6f9908,78d4f21c33652986,k**********i@gmail.com,gmail.com,+91-89****6600,M,75,65+
P1009,4ca6004a5b951820,ec20c64337661487,s**********i@hotmail.com,hotmail.com,+91-72****9919,M,88,65+
P1010,3f6d478ce528cb50,e4cf40c6425038fc,s*********l@yahoo.com,yahoo.com,+91-61****9690,M,24,18-24
P1011,cbf68dcf4588ebb4,92a59dcba222a003,s********u@yahoo.com,yahoo.com,+91-85****4718,M,3,0-12
P1012,7b4023e82f51dbd2,f1d026bd7e1891d0,a*********l@yahoo.com,yahoo.com,+91-61****8245,M,22,18-24
P1013,1b00adab37401b01,0117bbe1a8a21142,s*******r@hotmail.com,hotmail.com,+91-93****6298,M,53,45-54
P1014,0ad630ff44c56f86,0d041bd3f66c83c4,a************e@outlook.com,outlook.com,+91-63****2705,F,2,0-12
P1015,1ac42d65ff49bedb,d16e3656e8db9d2f,a**********a@gmail.com,gmail.com,+91-62****0141,F,88,65+
P1016,22e6e14026625f8f,928d1976f2dd5047,v**********u@rediffmail.com,rediffmail.com,+91-85****0826,M,30,25-34
P1017,c86f2f3caf67825b,b4484d50b6843d05,r****************e@rediffmail.com,rediffmail.com,+91-71****3976,F,38,35-44
P1018,b4d947a40b6f8fd9,20df0c64f843a003,i*******h@hotmail.com,hotmail.com,+91-65****9320,F,2,0-12
P1019,ef1450c818479ff9,8b8fb5fbbec8a062,d********l@gmail.com,gmail.com,+91-65****0329,M,64,55-64
P1020,c98977aafa326b95,41f2c501609b593b,a*********n@yahoo.com,yahoo.com,+91-99****6828,M,60,55-64
P1021,e324f7996441ec15,32fe77a27bde05ea,k*********u@yahoo.com,yahoo.com,+91-84****3494,M,21,18-24
P1022,369c98cb451d8ce4,a7d60826bdaa5d88,s***********i@outlook.com,outlook.com,+91-77****5277,F,33,25-34
P1023,15ffc0dc98823372,9cde90953c03aa1b,a**********l@hotmail.com,hotmail.com,+91-75****9973,F,76,65+
P1024,879c30317f0ed016,b03917fd2e4613d7,v***********a@yahoo.com,yahoo.com,+91-72****4941,M,58,55-64
P1025,d48436470481efe9,0eca1e1de03cf6f2,a**************e@yahoo.com,yahoo.com,+91-94****2872,M,22,18-24
P1026,fadb44e86e66c32f,59c264abb5013d99,i********1@hotmail.com,hotmail.com,+91-81****5852,M,89,65+
P1027,52821dae6dbc872d,7eed6819b79558f2,r**************e@gmail.com,gmail.com,+91-97****6699,F,49,45-54
P1028,a1bd90bc4b8b96ff,81916e17daea71ec,a***********a@gmail.com,gmail.com,+91-86****8647,F,59,55-64
P1029,d6d8d9f92ecf9968,f95cf0cce16fb5c9,d********h@rediffmail.com,rediffmail.com,+91-64****3245,F,42,35-44
P1030,80b2ed7cfa7855e0,c14aa0501402eb65,a*************i@gmail.com,gmail.com,+91-86****2378,F,60,55-64
P1031,514af2f32ce7b60b,f62f486cbd14ef4a,s***********l@gmail.com,gmail.com,+91-95****2643,M,80,65+
P1032,e7e0fa2476ec7442,81302364f03e3ed5,k*********a@rediffmail.com,rediffmail.com,+91-66****9918,M,15,13-17
P1033,015faaea869ef828,55eb7b028f4a1a22,a*************i@hotmail.com,hotmail.com,+91-92****4498,M,62,55-64
P1034,06d4665758983eae,814ff4c720620afa,i*********r@outlook.com,outlook.com,+91-86****4033,M,62,55-64
P1035,b41e8ac0460bcbf8,6150933f5983329f,v**********h@hotmail.com,hotmail.com,+91-76****2414,F,47,45-54
P1036,91ba2b462ba3a40c,0abbde8fa4ceeea4,r********y@rediffmail.com,rediffmail.com,+91-61****7896,F,62,55-64
P1037,e321582e09d9501f,5a37bbddbb67e3e6,m************h@rediffmail.com,rediffmail.com,+91-89****8772,M,51,45-54
P1038,c7ed3a32bb000f96,7bf5d0fe12921eb8,i*******l@yahoo.com,yahoo.com,+91-72****8741,M,55,55-64
P1039,1d6d7e14d699cdce,25765f07920fad3a,s*************l@hotmail.com,hotmail.com,+91-64****1542,F,64,55-64
P1040,5f0f3a642b3f523a,84c2395958046705,m************i@hotmail.com,hotmail.com,+91-98****3128,M,3,0-12
P1041,514cd5ea63027621,ab7f35aaaddc138d,s***********a@hotmail.com,hotmail.com,+91-87****0848,F,51,45-54
P1042,2920466579c29bd7,8d5039a7be5bb0c6,a************i@hotmail.com,hotmail.com,+91-94****3124,M,7,0-12
P1043,9f2a5cc812f2b0fb,1ed148ce5ce38c9f,a*********y@hotmail.com,hotmail.com,+91-71****6217,M,21,18-24
P1044,0be5ab6b7c10216f,904490adbc2b80c6,s******r@yahoo.com,yahoo.com,+91-88****1644,M,73,65+
P1045,07260f6590009f1b,393312c31a20a567,k*********y@yahoo.com,yahoo.com,+91-68****3159,M,39,35-44
P1046,6300ee4b885bd29e,4f798778de833416,s***********a@yahoo.com,yahoo.com,+91-83****8191,M,18,18-24
P1047,66ca82379e554abe,bf49ff22503afb10,i***************e@rediffmail.com,rediffmail.com,+91-61****9872,M,4,0-12
P1048,3b078871171522e3,9c1b0d9dd6ee3cef,s********a@gmail.com,gmail.com,+91-62****5636,M,89,65+
P1049,211ff3af940b1895,e06fe75c46c52dde,a**********i@rediffmail.com,rediffmail.com,+91-94****0490,F,60,55-64
P1050,5350c6abf65ee333,f52ef632c632a1ae,a*******s@yahoo.com,yahoo.com,+91-62****5622,F,14,13-17
P1051,c5336bf7b897b7d1,99ac6be3c2da4001,a***************e@outlook.com,outlook.com,+91-75****9494,F,9,0-12
P1052,637db98e1c02cbad,e973a3dc7810c521,s******n@gmail.com,gmail.com,+91-98****2365,F,53,45-54
P1053,0c58a2a246f1e5a3,03d20228eb9a1139,m***********e@gmail.com,gmail.com,+91-63****5719,F,2,0-12
P1054,84eede5c39a5df26,48a28b8c930ed686,m************l@rediffmail.com,rediffmail.com,+91-66****9821,M,84,65+
P1055,767cc4496d2a6fa8,adbaaa164d510969,i***************e@gmail.com,gmail.com,+91-83****1200,M,60,55-64
P1056,b5fad03740f1da17,eb88a6f7992812ec,s********s@rediffmail.com,rediffmail.com,+91-99****3628,F,71,65+
P1057,f478e6f6c5bbcf3a,8ddf76a25d42821b,i**********a@outlook.com,outlook.com,+91-66****5437,M,44,35-44
P1058,da400d789222f86a,616c2bbe77adb726,d********a@yahoo.com,yahoo.com,+91-96****6368,F,8,0-12
P1059,ade8fbac98f1f02d,d27b3604bdfdaa73,i*************e@outlook.com,outlook.com,+91-92****3112,F,47,45-54
P1060,278f571ca059fb73,b9ad1c939edc4755,r********h@yahoo.com,yahoo.com,+91-91****5930,M,35,35-44
P1061,c5ceda4adce98d05,7605873de7594e30,s*******h@hotmail.com,hotmail.com,+91-91****9358,M,78,65+
P1062,ba3482945889a864,fecd1bdfe9db18b0,a*********h@rediffmail.com,rediffmail.com,+91-67****2051,M,81,65+
P1063,6bf6da36c2c8cd08,c011ff54b7ddfd21,s************a@gmail.com,gmail.com,+91-84****7084,F,36,35-44
P1064,e145798d18931535,91fa92b70792a845,k************i@yahoo.com,yahoo.com,+91-97****0204,M,50,45-54
P1065,7687d7359f628878,ce9ecb6b813e7812,i*************i@hotmail.com,hotmail.com,+91-87****5206,F,4,0-12
P1066,4b2db0f7b29be906,d822d0d25cc30852,r********h@outlook.com,outlook.com,+91-69****6046,F,2,0-12
P1067,08974b295a0711f2,496d676e60b014b5,r************i@hotmail.com,hotmail.com,+91-88****4047,F,6,0-12
P1068,aa3efd4645668d17,3e5c8b0e2992e5fc,s**********e@yahoo.com,yahoo.com,+91-72****5500,M,54,45-54
P1069,4a780894217238cd,9eb255db074c0f49,k**********r@yahoo.com,yahoo.com,+91-99****9401,M,4,0-12
P1070,7fe9574335d3b697,ce7a24379d190cde,i********a@outlook.com,outlook.com,+91-68****0232,F,54,45-54
P1071,335b4e45814bf195,77e7e53440a5010a,s**********h@gmail.com,gmail.com,+91-64****8977,M,63,55-64
P1072,92247e58869cc27a,3737b3eb503ba1d8,k**************e@yahoo.com,yahoo.com,+91-98****7037,M,18,18-24
P1073,0b1c6395e5691e42,86bcd76396f94ade,a***********i@outlook.com,outlook.com,+91-81****5165,M,44,35-44
P1074,b826446041bc7ce1,3fa34070501104a6,r********l@hotmail.com,hotmail.com,+91-71****9588,F,34,25-34
P1075,12594bbb4e11de00,4c1099e8a2b01791,k**********n@yahoo.com,yahoo.com,+91-68****5235,F,74,65+
P1076,8e1a8dc7e5c59b94,f5bd5baa6ed76a37,k*********i@hotmail.com,hotmail.com,+91-69****1998,M,62,55-64
P1077,2c15d373b2a02630,cdc716b5a2e2759e,m********h@hotmail.com,hotmail.com,+91-85****9409,F,14,13-17
P1078,db5da4deba860ad8,ed73e116d84b3202,r***********y@yahoo.com,yahoo.com,+91-87****5806,M,48,45-54
P1079,069dc373dd808f17,ae34f3e45115f057,d*********a@hotmail.com,hotmail.com,+91-75****4080,M,15,13-17
P1080,acc84439ff4bc9b9,0937b4ed8305357a,s****************e@rediffmail.com,rediffmail.com,+91-61****1867,M,72,65+
P1081,505afe63cdf2ef4b,618b234052b9e6e8,k*********h@rediffmail.com,rediffmail.com,+91-88****3943,M,78,65+
P1082,aac91aaf9cea1426,8fba762d8a9b0c5f,s*******i@gmail.com,gmail.com,+91-86****5504,F,87,65+
P1083,0569a668a0f4615b,1fd62e692a8cac9f,a************e@outlook.com,outlook.com,+91-62****0285,F,62,55-64
P1084,ffd9d5a55e5152a5,bf33dc34c1162f4d,a***********1@hotmail.com,hotmail.com,+91-75****5666,F,40,35-44
P1085,8671351646eb77d2,f120320a34a61d8c,d********u@hotmail.com,hotmail.com,+91-68****8399,M,85,65+
P1086,cefc4574431de41f,b4fc9065c1aa3bf9,v****************1@gmail.com,gmail.com,+91-88****0915,M,80,65+
P1087,a1d22e5b7d54880c,b5db8239ef8134b6,v************1@yahoo.com,yahoo.com,+91-84****1488,M,82,65+
P1088,221f1107d6cc629a,c2cadfb606b27bea,i************e@outlook.com,outlook.com,+91-65****1920,F,53,45-54
P1089,d32a589a4d7fe632,c9a9ee66165a4313,i***********a@gmail.com,gmail.com,+91-82****7422,M,24,18-24
P1090,4a54752dd8edd383,b0ebb0fbf6c77f95,v**********y@outlook.com,outlook.com,+91-83****1187,F,26,25-34
P1091,e7ef5a6c163a4216,ab6758d15813c2e0,i*********1@outlook.com,outlook.com,+91-72****3158,F,89,65+
P1092,67b97087160ef158,fb92b750ca1f9c3f,r***********a@yahoo.com,yahoo.com,+91-91****1814,F,60,55-64
P1093,b9a01a048620633b,61ab1614b6398c3c,a**********i@outlook.com,outlook.com,+91-81****9284,F,41,35-44
P1094,f818ddff433c9987,095c84fd9f34e6c3,k***********l@rediffmail.com,rediffmail.com,+91-71****6383,F,29,25-34
P1095,4cea06b54ccc8649,1a5159bee3d7d3fd,a*********a@outlook.com,outlook.com,+91-84****4671,F,15,13-17
P1096,bc884e7cfa473feb,9bac24862ca8465f,m**********l@hotmail.com,hotmail.com,+91-74****4766,M,45,45-54
P1097,f3b11590d0afbbca,52270ba7f6a8c078,s***********a@outlook.com,outlook.com,+91-78****2005,M,65,65+
P1098,ac5a5be4191106df,897b6715fee5417a,r****************e@yahoo.com,yahoo.com,+91-71****5381,F,89,65+
P1099,9f464799e1e888ee,5c3e5660e935896b,v************l@hotmail.com,hotmail.com,+91-78****4348,F,71,65+
P1100,cba254d8cfc1296a,46b68dea70981f78,m************i@rediffmail.com,rediffmail.com,+91-74****6219,M,9,0-12
P1101,917ddd80de503a75,d77064dcf24f6a8b,s*************l@rediffmail.com,rediffmail.com,+91-86****3590,F,88,65+
P1102,b76e0588c5d3c143,b46045315165d41e,m***********i@rediffmail.com,rediffmail.com,+91-81****6900,F,1,0-12
P1103,52b102baa227f21a,19881b0657fecdaf,i*************e@hotmail.com,hotmail.com,+91-92****5981,M,8,0-12
P1104,7a60486fe417e02b,0e7eeaecc64734d7,v**********a@gmail.com,gmail.com,+91-78****1100,F,88,65+
P1105,0613dbe5ebc6530e,4eea82d1cef15ae7,m************h@yahoo.com,yahoo.com,+91-64****8427,F,63,55-64
P1106,d76aafe6b56192ea,bdf1944bdc1a817f,s*******r@outlook.com,outlook.com,+91-95****0110,F,11,0-12
P1107,ff43e79b899f0832,cbb758a95e1b554b,a*********i@yahoo.com,yahoo.com,+91-84****8148,M,81,65+
P1108,b883464bd3a46e2d,e7d5a33a286c1e45,i*************i@outlook.com,outlook.com,+91-93****1573,M,8,0-12
P1109,46ce420204c9969a,ea45a835875b2f08,v***************e@outlook.com,outlook.com,+91-83****8471,M,35,35-44
P1110,7393d2f0ff568990,0eeaa8368506c2b3,i******n@rediffmail.com,rediffmail.com,+91-72****0929,F,35,35-44
P1111,2e3bc15bb40423bf,01c8fb19b1800878,k************a@yahoo.com,yahoo.com,+91-79****5000,F,33,25-34
P1112,96db879f49726e51,9b322a6b651046d8,s*********a@hotmail.com,hotmail.com,+91-77****4545,M,5,0-12
P1113,f9fdb34282d8ed91,abec3ea3bea0be5f,a**********i@rediffmail.com,rediffmail.com,+91-98****1466,F,41,35-44
P1114,ca1d5078f0c214e1,3e273fa3ba661aa0,a**********a@yahoo.com,yahoo.com,+91-74****4337,F,28,25-34
P1115,be7e7612633573f2,b45b83f3aaf95515,s********h@hotmail.com,hotmail.com,+91-77****9477,F,7,0-12
P1116,432e4008b3cc2ce6,5e7ff1da66457929,v**********h@yahoo.com,yahoo.com,+91-97****8866,F,73,65+
P1117,eaffda7fa95c07cf,b40b08d6ecb88e24,a**********i@rediffmail.com,rediffmail.com,+91-95****0974,F,72,65+
P1118,5fdbc0fd3e1ddc11,212d175465148853,v**********y@yahoo.com,yahoo.com,+91-92****6899,M,12,0-12
P1119,207973b1e6ba5ef1,779dac994399dd31,a**********i@outlook.com,outlook.com,+91-79****5339,F,34,25-34
P1120,c9777d2b669396de,6ed74ac08cdc6982,a*********h@hotmail.com,hotmail.com,+91-81****6275,M,33,25-34
P1121,0c16644598de9a84,53d94ba6949fc99e,r********a@rediffmail.com,rediffmail.com,+91-81****8655,F,48,45-54
P1122,9d374b5342d04e90,360450d289310f9e,a**********a@hotmail.com,hotmail.com,+91-62****1258,M,23,18-24
P1123,3a01181a2f51f2f6,a22272b08031cec3,s*******n@gmail.com,gmail.com,+91-78****3410,F,62,55-64
P1124,e2439c63f992bb77,c69f0ed0866a6757,m********a@outlook.com,outlook.com,+91-86****5317,M,88,65+
P1125,d2a4e36ec44de609,dcae130755651b1b,r***********y@gmail.com,gmail.com,+91-93****1130,F,37,35-44
P1126,9c01db0f3643fd54,848d9857ee304d81,i*******a@gmail.com,gmail.com,+91-71****3847,M,44,35-44
P1127,af550b98975d7f09,4283669cea4f6890,m*********1@hotmail.com,hotmail.com,+91-88****0614,F,86,65+
P1128,6377441ac6a98d99,b6b06efdcedda76a,d********l@yahoo.com,yahoo.com,+91-86****0979,M,35,35-44
P1129,64439c349a7204a0,0d4b61b67b59b3eb,v**********i@hotmail.com,hotmail.com,+91-95****5992,F,65,65+
P1130,05407b2bd15a461d,8e5927606582f1ce,s************a@hotmail.com,hotmail.com,+91-82****5716,M,47,45-54
P1131,d622b704bd5d2052,372d2229998bea9c,s**************e@rediffmail.com,rediffmail.com,+91-68****4323,M,78,65+
P1132,807aba7ba82a82b6,6fc47d2a1bc0ec73,i**************1@hotmail.com,hotmail.com,+91-76****5376,F,3,0-12
P1133,ac9366f25db64a62,1016a4553ddc759b,s**********e@gmail.com,gmail.com,+91-84****5745,F,1,0-12
P1134,6a16bbd3ac59adea,95a07beea34f6f8f,i*******a@outlook.com,outlook.com,+91-71****2787,M,5,0-12
P1135,3b9a4240236e1808,f004ed4e952b8a11,s**************e@yahoo.com,yahoo.com,+91-76****2437,F,14,13-17
P1136,b621a638554bb163,3f8e847311cf14c8,a**********a@outlook.com,outlook.com,+91-71****5490,M,27,25-34
P1137,490edfe6694423d8,e87eb4f8b58ac18a,a*********r@rediffmail.com,rediffmail.com,+91-75****9624,M,9,0-12
P1138,8d7e80a90827c482,fd31bbed01edf948,s**********a@outlook.com,outlook.com,+91-67****1555,M,79,65+
P1139,f66eedbd91f43009,0243f682171eb453,a***********l@yahoo.com,yahoo.com,+91-91****7841,F,15,13-17
P1140,256baf8e810b9b6f,94871763b3697e29,s***********h@outlook.com,outlook.com,+91-65****6690,M,42,35-44
P1141,bacb8986bfb4f3c8,31cce593c818481a,s**********i@rediffmail.com,rediffmail.com,+91-78****1720,M,77,65+
P1142,865568002a03784f,f0b484ee31a773d7,s**********u@gmail.com,gmail.com,+91-78****9930,F,51,45-54
P1143,bf48673524d4a5c2,cec343f0c18120e0,a********r@hotmail.com,hotmail.com,+91-83****3770,F,63,55-64
P1144,d9d3ccf212018748,c68503101b1c253d,a**********a@gmail.com,gmail.com,+91-87****5362,F,52,45-54
P1145,14870c7657845435,b4d1cb372da00b4c,a***********i@yahoo.com,yahoo.com,+91-91****3231,F,4,0-12
P1146,9b022243047c26ef,b86e4e90f4af656a,k**********n@outlook.com,outlook.com,+91-66****4276,M,23,18-24
P1147,38d4efe6295f84c7,6dca7ae13624cb48,r************i@outlook.com,outlook.com,+91-81****4447,M,15,13-17
P1148,17391696af8bf0e0,cfb0b54891f93025,m*****************e@hotmail.com,hotmail.com,+91-84****5907,M,43,35-44
P1149,4e6631810f493ab9,287b13580ec04366,i*********r@yahoo.com,yahoo.com,+91-71****5986,M,29,25-34
P1150,0962131c4206ae33,d527b5a922c25219,a***********l@hotmail.com,hotmail.com,+91-83****2498,F,36,35-44
P1151,7f8afdaf3fdb4c5a,8e4971bd525b269b,k************a@gmail.com,gmail.com,+91-69****2588,M,13,13-17
P1152,91b3dfebbae345c8,cb22291c788020a6,d********i@hotmail.com,hotmail.com,+91-98****1168,M,32,25-34
P1153,bd6b741a3400c3db,7726c7e722618f81,i**********i@rediffmail.com,rediffmail.com,+91-72****8010,F,71,65+
P1154,f6d63a2b2209c918,84bbf6bf31ac2576,m*************e@rediffmail.com,rediffmail.com,+91-78****1792,M,59,55-64
P1155,6fcdb22dff4cc704,58c5cfb2777dd94f,d********u@gmail.com,gmail.com,+91-95****6941,M,86,65+
P1156,4ceba398f65a8878,dceac2b43b104821,r***********a@hotmail.com,hotmail.com,+91-62****0427,M,28,25-34
P1157,ac7f0a15d0294149,7205318e4cc01f21,a***********l@hotmail.com,hotmail.com,+91-85****1733,M,66,65+
P1158,ebb92c465ed2a948,7c5694a0c790af9f,m************i@outlook.com,outlook.com,+91-67****4334,M,42,35-44
P1159,75027e64b54a4873,83d075b79d78f3db,a************e@yahoo.com,yahoo.com,+91-61****7644,M,45,45-54
P1160,5ccde4575a10b22c,8c034a2eab3d47bf,a**********i@outlook.com,outlook.com,+91-62****8314,F,62,55-64
P1161,c8762e8062d431f7,e42c5c7ce2a83fbb,k*************l@hotmail.com,hotmail.com,+91-85****6070,F,57,55-64
P1162,ab343acdfe633c47,4abe8822534209ca,r***********y@outlook.com,outlook.com,+91-86****7801,M,6,0-12
P1163,98321a0b71f79e0f,0aab89b82a45d620,a*********u@rediffmail.com,rediffmail.com,+91-75****5191,M,28,25-34
P1164,370c6ae34acfff42,38abc94260254266,s***********i@yahoo.com,yahoo.com,+91-84****1586,F,28,25-34
P1165,01ffedc6d2c34e66,2688d82db8bad70d,i*******h@rediffmail.com,rediffmail.com,+91-82****6118,M,44,35-44
P1166,caf9f22bfbda3afa,00224cf784882a43,k**************e@rediffmail.com,rediffmail.com,+91-77****9397,M,84,65+
P1167,e4f798bc4a257337,73763dd941010f72,r********a@rediffmail.com,rediffmail.com,+91-69****0118,M,30,25-34
P1168,353cdabc00e0de45,33ebaf6e0bc19da2,m**********l@rediffmail.com,rediffmail.com,+91-61****5589,F,62,55-64
P1169,58f86a96294ce5ff,82d18492d02093cb,k************1@hotmail.com,hotmail.com,+91-74****5910,M,75,65+
P1170,198fe4e527052c46,a057402b33301cc3,a**********a@rediffmail.com,rediffmail.com,+91-86****5626,F,89,65+
P1171,86dfa77868da0f01,46d0138fc66c3996,i**************2@hotmail.com,hotmail.com,+91-76****9167,M,62,55-64
P1172,6e35ede826f88abc,605faa8ce190c918,s***********e@yahoo.com,yahoo.com,+91-97****3300,F,1,0-12
P1173,4bbbe63d410e1b42,9a752e6299cc820b,a**********a@rediffmail.com,rediffmail.com,+91-63****9808,F,27,25-34
P1174,bc25bc31e943786f,fd1d95987a3637a5,s***********u@outlook.com,outlook.com,+91-68****2704,M,62,55-64
P1175,9ca27670f83fb70d,7ac08cb23b0e065f,m*************a@hotmail.com,hotmail.com,+91-95****4434,F,77,65+
P1176,f2d92d04de419c79,21089bea5cc116e6,r********l@outlook.com,outlook.com,+91-66****4871,M,3,0-12
P1177,4a97f9bd69c08d9f,724bf2176a1760c8,r***********l@gmail.com,gmail.com,+91-74****9152,F,70,65+
P1178,24b7d292147848c3,3415221afc5f0359,k*********u@outlook.com,outlook.com,+91-86****4641,M,72,65+
P1179,f5fdb57829f555be,692b215318197956,s*******u@hotmail.com,hotmail.com,+91-74****0416,M,27,25-34
P1180,89107f3be9ee0095,6a79108e32fde7ac,a*********a@outlook.com,outlook.com,+91-79****6034,F,9,0-12
P1181,a09a3506b07aace1,0d0411fd9a984a03,s****************e@outlook.com,outlook.com,+91-96****3772,M,62,55-64
P1182,7163db7a4b019283,585a4767ced199f8,a*******s@outlook.com,outlook.com,+91-84****1837,M,37,35-44
P1183,c0582b50032c56cf,62ae1d5177082852,s************i@rediffmail.com,rediffmail.com,+91-65****6003,F,51,45-54
P1184,00bf22472ac30fd7,b00ff29e9dfb9f5b,s************2@outlook.com,outlook.com,+91-75****3210,M,44,35-44
P1185,d75556895cefe6a6,fcfad1bec17b9722,a*************i@outlook.com,outlook.com,+91-65****6129,M,24,18-24
P1186,2209e0e0f98577a9,ea85884f75500ad6,s*********a@yahoo.com,yahoo.com,+91-71****6403,F,79,65+
P1187,ef05dc0830730ea8,4792e5baed36716c,a********s@gmail.com,gmail.com,+91-79****2366,F,59,55-64
P1188,8b53bb4c051f949c,54fb76663c8ec820,a************l@hotmail.com,hotmail.com,+91-89****2291,M,32,25-34
P1189,d13f59c7594ee0a3,93c76c9ccc7b1115,a**********a@yahoo.com,yahoo.com,+91-97****5687,M,88,65+
P1190,62d7e76586196d2a,928424bc6ccbf1b3,a*********h@rediffmail.com,rediffmail.com,+91-61****0106,F,52,45-54
P1191,ef2bfd30d89c600e,1a48c78af3de0fd8,a***********a@rediffmail.com,rediffmail.com,+91-67****1674,F,62,55-64
P1192,01c4dc2758d5c70b,795ca415c0fc698a,a********r@hotmail.com,hotmail.com,+91-64****1955,M,58,55-64
P1193,53c2065ecc00341c,c8302e9423ef2e4c,i*****s@yahoo.com,yahoo.com,+91-61****8909,F,52,45-54
P1194,7381b79d4aa28da5,fe6ab954849270fa,a********s@gmail.com,gmail.com,+91-89****5455,M,12,0-12
P1195,7c67f93acfe4e906,2ee37081fe10c71c,a********s@hotmail.com,hotmail.com,+91-74****1749,M,39,35-44
P1196,a631a4d7c085f574,e997e9248709b882,s***********l@rediffmail.com,rediffmail.com,+91-72****7835,M,2,0-12
P1197,1bf6d02d978fa50a,5573042afdfeac77,k**********r@gmail.com,gmail.com,+91-73****3129,M,3,0-12
P1198,0d0d5941a1c798f3,1295fe17bb1fc200,k**********1@outlook.com,outlook.com,+91-88****3665,M,56,55-64
P1199,3cc9f9c78b4101f1,253fdda82b390d5b,a***********i@hotmail.com,hotmail.com,+91-87****7348,F,81,65+
P1200,8cbdc3797c15cd68,45c465eee593dd5c,s*************i@outlook.com,outlook.com,+91-61****7549,F,59,55-64
P1201,a714e9289630ee03,9ee18112e699f8e9,m********y@gmail.com,gmail.com,+91-98****3744,F,2,0-12
P1202,4f0f47e48476adee,435b95f6b87aa3df,a**********a@hotmail.com,hotmail.com,+91-62****0811,F,2,0-12
P1203,70d16bb2ab8fff18,54ffeed6d9be7653,a*********r@gmail.com,gmail.com,+91-62****8221,M,54,45-54
P1204,5d5180e05d1df946,14d866160d38561a,s************a@outlook.com,outlook.com,+91-71****4137,M,87,65+
P1205,ea8f32a7af19ec08,43f71651bf2942f1,s*******u@yahoo.com,yahoo.com,+91-94****9381,M,1,0-12
P1206,46839ed40f74bcd7,e9c37495df147551,d***********e@rediffmail.com,rediffmail.com,+91-62****7032,M,19,18-24
P1207,dfa8fe457b323400,0d248a5b428120a5,s*******h@yahoo.com,yahoo.com,+91-67****1912,F,2,0-12
P1208,0fb8110c967fbdee,aa780f1df535e702,a*********i@yahoo.com,yahoo.com,+91-77****7364,M,53,45-54
P1209,9d9dad10d48b79fd,ec140867dad6a17d,a**********a@gmail.com,gmail.com,+91-87****8802,M,44,35-44
P1210,547e784032a17198,3329c7b4a4afe156,s***********a@outlook.com,outlook.com,+91-69****2140,F,32,25-34
P1211,a516a0576bb4b387,f7566d912885732f,i************l@outlook.com,outlook.com,+91-77****3564,F,70,65+
P1212,b92ce31358bd784b,e684910f86b48da7,s***********i@rediffmail.com,rediffmail.com,+91-64****6659,F,32,25-34
P1213,60e33ecf969ee82e,6c5695c39577c7c4,s********i@outlook.com,outlook.com,+91-65****0044,F,68,65+
P1214,5e1e1fa88cf31698,3ea7d5903fca7cf0,r*********a@hotmail.com,hotmail.com,+91-83****9130,M,55,55-64
P1215,e08d4c88b10ca342,713de21218d114ea,i*******u@outlook.com,outlook.com,+91-77****5488,M,75,65+
P1216,e6f450ea351ce817,8b26058eec35e719,r*********a@outlook.com,outlook.com,+91-73****2460,F,56,55-64
P1217,11bb6d620df94f88,64048fe961e508f4,k**********r@yahoo.com,yahoo.com,+91-92****9884,M,17,13-17
P1218,2d7ba3537057cd34,e2d73a7436c1b30b,i******r@gmail.com,gmail.com,+91-83****8138,M,38,35-44
P1219,784bfe70193a7262,df477cab7fce1f61,m***********r@rediffmail.com,rediffmail.com,+91-71****4142,M,24,18-24
P1220,c49ea4b7a6dadc50,2d6447ea9c802b9a,s***********h@gmail.com,gmail.com,+91-92****6766,F,69,65+
P1221,d7ec8b1b71d59e9e,62d729bc98378ac3,d*******r@gmail.com,gmail.com,+91-85****7680,M,70,65+
P1222,29e27493e107493c,831e19fe20c860bd,m************a@hotmail.com,hotmail.com,+91-65****2006,F,86,65+
P1223,5aa4f5bed1f76ce5,2158171087b7e836,s******s@hotmail.com,hotmail.com,+91-72****1674,M,11,0-12
P1224,079dbad919ffb84d,4632847cbe3cfcdf,a**********h@outlook.com,outlook.com,+91-61****5007,M,16,13-17
P1225,02e87ca84d08132d,4e8da940ed0b6a5b,m************a@rediffmail.com,rediffmail.com,+91-72****8258,M,73,65+
P1226,48deeee699a71647,e48af1e53a421f24,k**************e@rediffmail.com,rediffmail.com,+91-91****8456,F,59,55-64
P1227,51c007fae14dde55,de401a35d57d6934,a**********y@outlook.com,outlook.com,+91-81****4902,M,70,65+
P1228,0ab9cec16e1dc886,526565211bd5324e,a********r@hotmail.com,hotmail.com,+91-63****4412,F,80,65+
P1229,1e74cce309182ac9,7f8578388214abf4,a*******s@hotmail.com,hotmail.com,+91-62****9068,F,3,0-12
P1230,7a30d3aaf3d92b53,dc920daa97b79b6d,k*********a@gmail.com,gmail.com,+91-63****9054,F,20,18-24
P1231,58c0730aed37b9b7,66291132bd0d469a,r******s@gmail.com,gmail.com,+91-81****4736,M,59,55-64
P1232,8a2112c889a0e0ec,a4a61d9f04354795,i*************i@rediffmail.com,rediffmail.com,+91-77****9916,M,36,35-44
P1233,6998beec023a6261,f253af58abff3af7,i************l@rediffmail.com,rediffmail.com,+91-88****3833,M,19,18-24
P1234,f0b7d89a8949758f,3023d173af332677,a*************e@gmail.com,gmail.com,+91-91****4512,M,67,65+
P1235,1a6866b65e07eacf,2a7e37ba152e1336,a*********h@outlook.com,outlook.com,+91-78****1936,F,19,18-24
P1236,14b81303e416f9bf,214fda6bbf302a94,m*********a@yahoo.com,yahoo.com,+91-98****3281,F,20,18-24
P1237,7b11d23948a803cb,2fe41e8be0dde45b,i**************1@hotmail.com,hotmail.com,+91-66****2021,F,71,65+
P1238,1fa205ad1dc48f63,dcac24de15d496f3,i***********a@rediffmail.com,rediffmail.com,+91-74****4150,M,52,45-54
P1239,1c1f271548031d8d,97e7a86284f5cd38,a**********h@yahoo.com,yahoo.com,+91-99****3786,F,33,25-34
P1240,3d5aab4328c83240,e977e1a1976b8e37,a*********h@outlook.com,outlook.com,+91-64****3716,M,40,35-44
P1241,64da97637cba8032,8346fc7c5b914b50,a***************e@yahoo.com,yahoo.com,+91-69****5578,F,39,35-44
P1242,83d379a1814328f7,ac902418e693b277,i**********1@yahoo.com,yahoo.com,+91-79****7294,M,82,65+
P1243,055d572d1c073974,ae5ae97ffd1c0e71,a***************e@gmail.com,gmail.com,+91-97****9531,M,1,0-12
P1244,c58c2b993f1d7636,bad0f519344f2675,s**********h@hotmail.com,hotmail.com,+91-86****9184,F,11,0-12
P1245,69d0301386775474,58386cc1812208ee,a**************e@hotmail.com,hotmail.com,+91-64****4082,F,57,55-64
P1246,b40f7ea6163c5ef1,2cfb841184550119,i******r@hotmail.com,hotmail.com,+91-93****9714,F,89,65+
P1247,dc745bec09259ff4,9aea8c1e4b48f0fd,a***********l@gmail.com,gmail.com,+91-87****1361,F,50,45-54
P1248,19f421dcaaa15b10,a30ea62e1587afd8,s**********a@gmail.com,gmail.com,+91-69****5345,M,23,18-24
P1249,e6d224f4a3e4895c,4a68d384a59596c3,k**********i@rediffmail.com,rediffmail.com,+91-95****4687,F,31,25-34
P1250,5178e7f237e19baf,603e684b5e485b43,a*********h@hotmail.com,hotmail.com,+91-92****7041,F,42,35-44
P1251,c6956cf3ac5bc7b6,1c15c6fb7ad3d46f,a**********i@outlook.com,outlook.com,+91-68****4312,F,7,0-12
P1252,4e1216e0cdc29415,b07b94ad1fb95cda,a************l@rediffmail.com,rediffmail.com,+91-79****0851,M,16,13-17
P1253,73468cda7e4934da,b029c99f497dc767,a***********a@gmail.com,gmail.com,+91-99****4244,M,60,55-64
P1254,54b7e70dbc89f453,1ca36f2ee79515e5,m***********n@yahoo.com,yahoo.com,+91-94****9408,F,2,0-12
P1255,18258235fd010583,9faaef2ae8b8c9aa,a****************1@yahoo.com,yahoo.com,+91-64****9415,M,1,0-12
P1256,0e58717a2436d558,73620373b5a60d80,k***********a@yahoo.com,yahoo.com,+91-72****9816,F,48,45-54
P1257,4801ba69abc3c27a,3063e3d3da698a06,i**************3@hotmail.com,hotmail.com,+91-76****3177,M,12,0-12
P1258,b007192640dc4a7a,7b28516f617ccd0d,d*********i@hotmail.com,hotmail.com,+91-86****4117,M,69,65+
P1259,adf138fffbc91fd8,f4d6e8f8d01dde53,r*************1@hotmail.com,hotmail.com,+91-88****3780,M,37,35-44
P1260,279379d1bb784cab,07c207c9deb943ff,a***********a@outlook.com,outlook.com,+91-69****5967,M,32,25-34
P1261,e6da27df4536e16c,2866336b11b806ba,s*********r@yahoo.com,yahoo.com,+91-68****9947,F,9,0-12
P1262,1fccac83408d443e,15a887268d26ddb9,v**********h@rediffmail.com,rediffmail.com,+91-67****1819,F,19,18-24
P1263,62f9434b5ce5ab62,77e8a0e63aebf9ff,r*******1@gmail.com,gmail.com,+91-83****3243,F,48,45-54
P1264,e0801988b8a5cf24,5b3979524070a6e8,a*********h@yahoo.com,yahoo.com,+91-78****5590,M,80,65+
P1265,005d68e32ce06983,1d5291b6d0ba0eff,a********r@rediffmail.com,rediffmail.com,+91-71****5885,F,3,0-12
P1266,f7e5d2e9232f2db3,68a1caef8708f78e,a*************i@yahoo.com,yahoo.com,+91-69****8354,F,20,18-24
P1267,37bad2bd453f3a1e,a793d561f7ba7b0c,s*********n@yahoo.com,yahoo.com,+91-97****8525,F,24,18-24
P1268,05a1658eb46466a1,d31303b9205d03b2,k**************i@hotmail.com,hotmail.com,+91-81****7569,M,54,45-54
P1269,d404b33f08a733e0,e2d547c2595fab03,a*********a@hotmail.com,hotmail.com,+91-67****4268,M,33,25-34
P1270,d8501b2e395d2527,70a3143313bbe8d6,r**********r@gmail.com,gmail.com,+91-61****9475,M,24,18-24
P1271,ca9528bdc74d296f,e1d15587633d40d4,m*************i@gmail.com,gmail.com,+91-98****9013,F,75,65+
P1272,32c52cbba552decd,dfda7e1f5110b94c,s************e@hotmail.com,hotmail.com,+91-64****7050,F,72,65+
P1273,2934552c4f36f11c,e8703ec2a3998f87,k************e@outlook.com,outlook.com,+91-81****2445,F,36,35-44
P1274,ab43b0421e031d46,d41322945c1bc02c,s********h@outlook.com,outlook.com,+91-75****4388,M,38,35-44
P1275,b83b1fdfa65ac295,db965d9be9c8d8c5,a*********1@hotmail.com,hotmail.com,+91-64****5927,M,84,65+
P1276,ae24061e69c083ab,5a043ae6a81c44d9,k**********a@yahoo.com,yahoo.com,+91-86****9527,F,89,65+
P1277,eb76f106e6533fa6,d7dd8ec9b97ed546,s********a@yahoo.com,yahoo.com,+91-78****7990,M,25,25-34
P1278,af7a8cea36ee1532,0a9289a792f734b1,a**********u@hotmail.com,hotmail.com,+91-64****9071,M,18,18-24
P1279,4570063277335247,1c440e94092d8b78,i*******y@gmail.com,gmail.com,+91-86****5743,M,82,65+
P1280,87b526dd19fdf4b4,d30ad23f900d43c7,a***********1@outlook.com,outlook.com,+91-68****5609,M,66,65+
P1281,a8561e5740e67b2b,2cca2c8d417f37f6,k***********i@yahoo.com,yahoo.com,+91-93****9570,F,54,45-54
P1282,71c9ec1603ec1d6e,cd029a82acf23bdc,k**************e@outlook.com,outlook.com,+91-68****1043,M,35,35-44
P1283,ef9590e211f5cff8,01c86f2d9877d361,s*********a@rediffmail.com,rediffmail.com,+91-76****9982,M,80,65+
P1284,88ab084fc8e70eec,08d8656413b3d55e,v***********a@outlook.com,outlook.com,+91-72****9410,M,61,55-64
P1285,2b2a8a3fe03e56b8,d2562ee6bf579591,r**********l@yahoo.com,yahoo.com,+91-91****1254,M,41,35-44
P1286,6b362af2e638530d,44e9d3e0fd6c1b9f,a***********a@yahoo.com,yahoo.com,+91-97****5234,F,33,25-34
P1287,ab7786cd7a46b799,807754efd305646d,i**************2@hotmail.com,hotmail.com,+91-77****8506,F,68,65+
P1288,327574da5386d72c,8c77150be98b86c8,r*******n@yahoo.com,yahoo.com,+91-99****2850,M,33,25-34
P1289,20855d3c61b5896a,c26e6a4a8c45e60b,r************1@yahoo.com,yahoo.com,+91-69****0779,M,14,13-17
P1290,e3db49529eb1b042,93c6816d16c3ed1b,a***********a@hotmail.com,hotmail.com,+91-65****5760,M,21,18-24
P1291,68b97c61d8f962d0,fe8adade02a5fb17,a*********a@gmail.com,gmail.com,+91-66****0039,M,48,45-54
P1292,39d17a306966ace6,ad7873b683c276e9,m********h@hotmail.com,hotmail.com,+91-87****1875,M,20,18-24
P1293,6d4df693c037db2d,4ccda637c86ed72b,a**********y@hotmail.com,hotmail.com,+91-89****4997,M,8,0-12
P1294,a5a9a149c4539365,dbc567592f7c9f8b,i*******u@gmail.com,gmail.com,+91-75****6891,F,7,0-12
P1295,e311a199058e055e,bfecaf716d8dc3d6,m**************l@rediffmail.com,rediffmail.com,+91-97****0529,M,67,65+
P1296,02404616db1572c3,961dd13954a9d737,a*********i@hotmail.com,hotmail.com,+91-77****5221,F,17,13-17
P1297,5385f3e0094c7138,f8536bfba820f8a4,a********n@hotmail.com,hotmail.com,+91-68****7770,F,33,25-34
P1298,b5c81680f7eb08d1,f2ac7be553f50d44,a*************i@hotmail.com,hotmail.com,+91-63****2052,M,48,45-54
P1299,8e7361ec6f68214b,43612fbbb1ba0668,a***********a@hotmail.com,hotmail.com,+91-88****2835,F,76,65+
P1300,7ed5a6cca7aab387,b3f49acc3375b36a,v************l@rediffmail.com,rediffmail.com,+91-78****9775,F,59,55-64
P1301,c4237b3d23367766,072686affdb0b09b,r***********l@outlook.com,outlook.com,+91-66****5137,F,86,65+
P1302,5c0f95135315f208,7f924582578f65ca,a************i@outlook.com,outlook.com,+91-73****9712,F,22,18-24
P1303,4f1cccecf43a08a4,267a097768a57823,i******r@rediffmail.com,rediffmail.com,+91-87****6631,F,30,25-34
P1304,23ad938cd16c94ef,565cd059a351ad58,m*******n@rediffmail.com,rediffmail.com,+91-96****5164,F,38,35-44
P1305,b89ae5fe75925182,4fcaf91b56ef5504,s**************i@rediffmail.com,rediffmail.com,+91-64****4459,M,51,45-54
P1306,83a0d825d6e58ff8,5099f22b78f6f58c,s***********a@rediffmail.com,rediffmail.com,+91-75****7617,F,54,45-54
P1307,5fbe282563e9258c,cb5938e23515ac0f,a*********r@rediffmail.com,rediffmail.com,+91-93****1278,F,8,0-12
P1308,7b9b627ab8adeea4,c746427d9018343c,s********a@hotmail.com,hotmail.com,+91-65****0790,F,27,25-34
P1309,78d259b1d19010f6,b6d2bf08b706e10e,a************l@outlook.com,outlook.com,+91-81****8026,M,27,25-34
P1310,f21f3403beabeae6,c9fa373602d8e239,a**********1@rediffmail.com,rediffmail.com,+91-91****9438,F,21,18-24
P1311,5e1e0efc791e4530,ec8be905972870e7,a*********i@outlook.com,outlook.com,+91-74****8800,M,30,25-34
P1312,d81e5d7a0d8b738c,498ec9a9e1b8d567,s********a@gmail.com,gmail.com,+91-78****9680,F,28,25-34
P1313,afef01998d437c75,4f3e2dae6e1e997f,a*********1@rediffmail.com,rediffmail.com,+91-62****2272,M,64,55-64
P1314,1fe19582b60ae8c1,ce239eafb2f4e700,a**********1@yahoo.com,yahoo.com,+91-61****7372,M,69,65+
P1315,f2546fa9140979f2,a0c7ed23def7f1b8,k***********l@hotmail.com,hotmail.com,+91-96****0684,F,61,55-64
P1316,49358ac16904baaa,2b4268705f3cf236,a*********n@gmail.com,gmail.com,+91-66****6534,F,48,45-54
P1317,655c234bb966fa43,51894fa04cd7328c,a***************e@gmail.com,gmail.com,+91-83****6546,M,19,18-24
P1318,4dfc2e972a639476,f81e5dd4c5fa7b93,s***********h@hotmail.com,hotmail.com,+91-84****9440,F,4,0-12
P1319,33b32e9bb1f22d92,41fc2001b0591012,k**************e@hotmail.com,hotmail.com,+91-93****7382,M,35,35-44
P1320,c22d07885822a78d,5d4ac55aefd801e5,a*********a@yahoo.com,yahoo.com,+91-62****5387,M,64,55-64
P1321,bcf12af9a2236bab,8e7732ad6305cf3a,a************i@outlook.com,outlook.com,+91-91****8733,M,49,45-54
P1322,b67bac79bfc40e5a,0eeaba3a164bbee3,k***********1@yahoo.com,yahoo.com,+91-98****6822,M,17,13-17
P1323,06bf6cd5ada50062,0c9769c944e28166,s***********a@outlook.com,outlook.com,+91-74****5172,M,44,35-44
P1324,4470d07dd148d52d,f62d5bbe6ed9ca1a,s***********1@gmail.com,gmail.com,+91-98****0893,F,30,25-34
P1325,f1228b1d0be9a19f,2f17882558581d84,a*************e@yahoo.com,yahoo.com,+91-62****6204,M,46,45-54
P1326,1cb4b2bce56f69dd,60300d13b93e933e,a************i@rediffmail.com,rediffmail.com,+91-86****6272,M,6,0-12
P1327,68775ce26b015380,c16a31f5e05dd84e,a**********2@yahoo.com,yahoo.com,+91-94****6097,F,37,35-44
P1328,3542840a0bb63597,e809dc540f010e4f,a*********1@gmail.com,gmail.com,+91-93****0775,M,24,18-24
P1329,13d90b095e08db72,2be07622054c867e,a**********a@gmail.com,gmail.com,+91-72****1951,F,46,45-54
P1330,c85966f60393dd98,b73cd1f7757db33d,m**********l@outlook.com,outlook.com,+91-64****9637,F,53,45-54
P1331,779cb9ae17910d0c,b01639cabd81530c,a**********u@gmail.com,gmail.com,+91-86****1793,F,60,55-64
P1332,afd40c674d44fd1d,a7184c037031e8dd,k*********i@yahoo.com,yahoo.com,+91-94****5093,M,63,55-64
P1333,38688cbad3796fdd,58eab9a97fe22481,k**********a@hotmail.com,hotmail.com,+91-84****6226,M,85,65+
P1334,15670f741dbcda04,51e2b7d3857b5fe8,m*******r@yahoo.com,yahoo.com,+91-81****1671,M,32,25-34
P1335,3efa80cb11b820c1,bd55a8d72a7e0ca5,a***********i@outlook.com,outlook.com,+91-73****5561,F,87,65+
P1336,52fa91863f366f62,77c39eb03b32e593,a********r@hotmail.com,hotmail.com,+91-67****4632,M,33,25-34
P1337,ee6587242a108e04,b6c7e52b6295bc61,v***************e@hotmail.com,hotmail.com,+91-67****1093,F,67,65+
P1338,8b4a426a6e579750,a3371d7d466c6af8,a*********u@rediffmail.com,rediffmail.com,+91-99****6009,M,18,18-24
P1339,274d932a567fa17a,4eea8ffb4dd09a65,s***********a@gmail.com,gmail.com,+91-93****9481,F,25,25-34
P1340,16075505354677b1,1f4ac843415ee2e4,a**************e@hotmail.com,hotmail.com,+91-73****3853,M,54,45-54
P1341,a6ea1a0fd3b12601,0afbf9b120fd230e,r******s@hotmail.com,hotmail.com,+91-69****8998,M,58,55-64
P1342,ce79dea77989b103,447d8ef12c99026f,r***********1@gmail.com,gmail.com,+91-68****9729,M,67,65+
P1343,90b4daf421782c61,d2b70b758c229b5c,i*****s@hotmail.com,hotmail.com,+91-73****0034,F,46,45-54
P1344,69c8cac55c5c66c2,b507652f7e3e6ea8,a*********y@gmail.com,gmail.com,+91-83****5749,F,24,18-24
P1345,5d0c8595ba2cd21d,7c75f58c25c91c6a,a********1@yahoo.com,yahoo.com,+91-96****1020,M,32,25-34
P1346,ad2b41b80673077e,46802d240b5fe467,a**********a@hotmail.com,hotmail.com,+91-84****7668,M,47,45-54
P1347,b1840262bf995ffd,7780460c310731c1,a*********n@rediffmail.com,rediffmail.com,+91-66****1587,F,86,65+
P1348,a23ca34f180f7216,138c222899f39622,s***********u@yahoo.com,yahoo.com,+91-94****8436,F,23,18-24
P1349,2d194c815a41924c,302c7c5d260f5670,m*******r@hotmail.com,hotmail.com,+91-75****8017,F,66,65+
P1350,2c5e6965ee4f8d00,00fd52faa5897975,d********a@rediffmail.com,rediffmail.com,+91-85****2443,M,27,25-34
P1351,23b99dbb5cc851ad,d6af31302085ba9b,a********n@hotmail.com,hotmail.com,+91-73****0275,F,2,0-12
P1352,70ebc20ddfa905a3,5c358d9662ee54ca,s*******a@yahoo.com,yahoo.com,+91-73****8848,M,17,13-17
P1353,12097720b3219baa,72f3b5fab4a553f6,i**************1@outlook.com,outlook.com,+91-93****2130,F,33,25-34
P1354,1b14032a635dea60,1ade177a5115926b,i********1@gmail.com,gmail.com,+91-65****2105,M,9,0-12
P1355,5a761e7abe7fc62f,ad926df10a67ec96,i*********r@rediffmail.com,rediffmail.com,+91-89****9364,F,43,35-44
P1356,fdea6f5d3df9040a,fe64928b110c04eb,a**********y@gmail.com,gmail.com,+91-79****6197,F,48,45-54
P1357,5b89e03843c1bb14,c45fcdce54106abf,a**********a@outlook.com,outlook.com,+91-88****5930,F,39,35-44
P1358,7c74574c98798c71,bd73d4234c9f43a5,i*************e@rediffmail.com,rediffmail.com,+91-69****3247,F,42,35-44
P1359,9f2ebfa98ef7b703,cb5e720d000589e7,a**************e@yahoo.com,yahoo.com,+91-62****3318,F,26,25-34
P1360,73aa40c20c9b6ae9,221a5f0f3342fca7,d********a@hotmail.com,hotmail.com,+91-95****7988,M,50,45-54
P1361,645984694977191c,129cc1946b5b579f,a*********l@yahoo.com,yahoo.com,+91-68****0705,F,25,25-34
P1362,de796c5702e01ebf,516b0514f5ace17c,a**********h@outlook.com,outlook.com,+91-75****5267,F,24,18-24
P1363,32b9547256b01a97,d399eef69c9edafa,s*******r@yahoo.com,yahoo.com,+91-68****1941,F,13,13-17
P1364,aee85ac64220b3ed,1c010d71a0786fd9,a**********1@hotmail.com,hotmail.com,+91-85****5314,M,60,55-64
P1365,eaa806cca3e28c6f,27631dbf79eaf8ff,a*******s@rediffmail.com,rediffmail.com,+91-99****2309,F,7,0-12
P1366,b8f6156905c5c58d,f0de6b32fb5c4f43,m********a@gmail.com,gmail.com,+91-84****3873,M,57,55-64
P1367,1a704439c53be6b2,4eefe3293d2cc1f5,r*********s@outlook.com,outlook.com,+91-85****4727,F,36,35-44
P1368,8230d401d1dcb7bd,585b27fb4234ac5a,m*********i@rediffmail.com,rediffmail.com,+91-85****3456,F,45,45-54
P1369,252cc4f2b910f70a,8c5c7963fc2baf58,m********i@yahoo.com,yahoo.com,+91-81****1933,M,20,18-24
P1370,724193e3a39f0062,143c8b0a466d9d8c,m*******r@outlook.com,outlook.com,+91-91****8413,F,65,65+
P1371,a34f2f6e9577f778,b39d1aac671fabdf,d********i@rediffmail.com,rediffmail.com,+91-69****6858,M,8,0-12
P1372,dfac90be23c7da05,d6548591c1cc92da,a********r@yahoo.com,yahoo.com,+91-65****3074,M,16,13-17
P1373,3dda46074866bc34,d498795d4f7cf1e2,s********l@outlook.com,outlook.com,+91-67****0147,F,14,13-17
P1374,f7ea211195cf2d70,41ac13752624fb73,a***********1@outlook.com,outlook.com,+91-61****1768,M,76,65+
P1375,2f689b806490164d,32bc9d1ae2a8aa2d,k*************1@yahoo.com,yahoo.com,+91-64****9109,F,87,65+
P1376,ebee70ba6baec9d6,04ba7d9b5da353a8,k**********r@rediffmail.com,rediffmail.com,+91-78****1801,F,15,13-17
P1377,851457bcf1cb05ac,b9e9b8d58919769a,s**********r@rediffmail.com,rediffmail.com,+91-65****9779,M,66,65+
P1378,bbe36e33890b43cc,c496b420979173a6,a**********1@rediffmail.com,rediffmail.com,+91-61****5347,M,32,25-34
P1379,8dce3e2fb4d24ee5,5f329d181ccc88b1,k**********a@gmail.com,gmail.com,+91-86****1367,M,87,65+
P1380,408b02aa09d03058,bc3013ff4878a723,r**********n@gmail.com,gmail.com,+91-83****4003,M,63,55-64
P1381,51a908605ff2f82e,49d917bd91569314,v**********a@rediffmail.com,rediffmail.com,+91-86****0884,F,86,65+
P1382,eb4cd27199625e59,0a058e112810741f,a********r@gmail.com,gmail.com,+91-63****8861,F,51,45-54
P1383,3ae674cd444c7f50,4aff93b5dbacdf7c,a********r@outlook.com,outlook.com,+91-87****9631,M,25,25-34
P1384,8a1fb09ffe3f1569,f052041ce3c7041d,k********n@gmail.com,gmail.com,+91-68****0739,F,58,55-64
P1385,0fa4fd77a9b33fe1,eb6dc570b15da077,r*********s@hotmail.com,hotmail.com,+91-78****0600,F,63,55-64
P1386,598b9ad4bc31d872,9a08634dae8f0044,r********a@gmail.com,gmail.com,+91-78****2101,F,62,55-64
P1387,89a95c07aedb8d67,7407831182d3e0df,a**********a@hotmail.com,hotmail.com,+91-95****4285,F,22,18-24
P1388,de117e9448306d0c,038bb15165d8f448,r**********1@outlook.com,outlook.com,+91-61****7269,M,58,55-64
P1389,2d3ded65ee559df8,0eadecbb37a3edde,m******************1@hotmail.com,hotmail.com,+91-63****5107,M,58,55-64
P1390,d42a7365bc3fca7e,a44c17084790a392,a*********a@hotmail.com,hotmail.com,+91-85****2605,F,86,65+
P1391,2140f450fe0fdee2,dfeaf9874d9c00de,a************1@gmail.com,gmail.com,+91-89****5231,M,49,45-54
P1392,bea236dcf9f87be6,fb9e88110aac3fc4,r*******r@outlook.com,outlook.com,+91-68****3507,M,52,45-54
P1393,f93082eaa424251c,86fbd31a4803713e,i**********y@gmail.com,gmail.com,+91-81****5378,M,42,35-44
P1394,ff4e2463e6aecf48,3863e2db44075c97,s******s@outlook.com,outlook.com,+91-61****6358,F,70,65+
P1395,d7a199bd1e251e08,96fafd04045cf334,r*******r@rediffmail.com,rediffmail.com,+91-64****8282,F,15,13-17
P1396,ae9c9a32fa65f356,17e05f572c4e1994,v***********a@gmail.com,gmail.com,+91-88****5747,F,54,45-54
P1397,d5ccb7dd344da6da,4f34463388fba632,i**********l@gmail.com,gmail.com,+91-65****5005,M,60,55-64
P1398,1a419a94259abeba,1617fbe1a944eea9,k**********n@hotmail.com,hotmail.com,+91-77****4714,F,8,0-12
P1399,757a9bf72063b09c,0eae659743d1ddde,a*********1@gmail.com,gmail.com,+91-93****4585,F,53,45-54
P1400,ba3b85327661585b,ff7726a1e6d6f8df,s**************1@rediffmail.com,rediffmail.com,+91-66****2241,M,60,55-64
P1401,9e735a3bb6b6f2dd,364268df7cedeb0e,s*******a@outlook.com,outlook.com,+91-61****1602,F,5,0-12
P1402,8d94f6540098c269,b7b93ed608e889a2,r*******n@outlook.com,outlook.com,+91-97****5275,F,68,65+
P1403,4f1d82c1f814b334,4a2bc7e30dfa39b3,m*********1@hotmail.com,hotmail.com,+91-84****8166,M,6,0-12
P1404,d49b03c0df3631fe,70096705bb45e3ec,m***************i@rediffmail.com,rediffmail.com,+91-74****9585,M,47,45-54
P1405,dcb2d08d088b49c6,6d3ebf58c6056b4b,a**********y@rediffmail.com,rediffmail.com,+91-69****7200,M,55,55-64
P1406,81582bc42881a667,f629ea6ad8133c75,k*********a@hotmail.com,hotmail.com,+91-98****0516,F,40,35-44
P1407,021a44e4ff569efc,b584416736fb9051,s**************i@yahoo.com,yahoo.com,+91-62****0962,F,52,45-54
P1408,7617e092ef4afd8a,98b6de76e052deae,d*********a@gmail.com,gmail.com,+91-75****1077,F,16,13-17
P1409,a507a781c28d0354,7f6dc39edee7ccca,a**********h@hotmail.com,hotmail.com,+91-95****5269,M,13,13-17
P1410,1fdacea2e45ae7f5,084d0acacc24ea94,s********i@yahoo.com,yahoo.com,+91-72****3057,M,30,25-34
P1411,6d54568dfaa33d47,4ec273554ecf9428,v**********a@yahoo.com,yahoo.com,+91-96****2492,F,19,18-24
P1412,7d47ef5feab83f28,40a723e59846cbcf,r*******r@gmail.com,gmail.com,+91-72****0183,F,17,13-17
P1413,5c7b6b823ebcabb0,f060088bb7134e0f,s************1@outlook.com,outlook.com,+91-79****8338,M,63,55-64
P1414,bf1414c8258a3ad4,8bbbb3df6d5daa04,m************h@hotmail.com,hotmail.com,+91-64****6420,M,19,18-24
P1415,a9dcb1ddf00dfdca,91a77a126c455bf6,a*************e@hotmail.com,hotmail.com,+91-71****1105,M,58,55-64
P1416,07a34ada80c579a7,544c88166ca1a710,r**********r@hotmail.com,hotmail.com,+91-77****9949,M,55,55-64
P1417,380aa1ba5b51ee3e,6fbfa8c3b607c6ba,r****************e@gmail.com,gmail.com,+91-96****8267,F,62,55-64
P1418,dbb66013584c444f,78fd2b0ce21760b7,d*******n@outlook.com,outlook.com,+91-78****7444,M,23,18-24
P1419,a67c48d785492702,d038eb1b16f8894e,k***********1@rediffmail.com,rediffmail.com,+91-86****1366,F,9,0-12
P1420,8ef283f3b55d9c98,58fe6335c5ada865,d*********i@outlook.com,outlook.com,+91-62****9420,F,12,0-12
P1421,35c4ea7354d03a5a,41ed067c814eb084,i*******u@yahoo.com,yahoo.com,+91-67****9673,F,1,0-12
P1422,252b8e2e29d901aa,2e61320d90c142c9,s***********a@rediffmail.com,rediffmail.com,+91-96****7940,M,58,55-64
P1423,f6fa374abd6ffacf,f7cebf8723ec7b72,a**********a@rediffmail.com,rediffmail.com,+91-74****7808,M,1,0-12
P1424,0fa9f8ef497f93e4,f147d64a75976dd0,a*********r@hotmail.com,hotmail.com,+91-76****1530,M,34,25-34
P1425,01ed71e91710c0a3,f4d5985b7361c111,a*********a@outlook.com,outlook.com,+91-97****2501,M,48,45-54
P1426,a4c1070f057552a0,59e5459c4764922a,s**********r@gmail.com,gmail.com,+91-74****0679,F,89,65+
P1427,55f4846451bb17e9,ed7effa97f978f64,i**********e@outlook.com,outlook.com,+91-75****0575,M,1,0-12
P1428,7d31e6c6bec68a8d,06ca6753a97de07b,i***********a@outlook.com,outlook.com,+91-61****3237,M,16,13-17
P1429,5e18777d262c9277,6c16408d3b4c12d3,a***********i@hotmail.com,hotmail.com,+91-79****8383,F,61,55-64
P1430,033509e6986efdc2,937aef92b18b8af2,a***********1@yahoo.com,yahoo.com,+91-94****8402,M,64,55-64
P1431,42004bc253b78a69,2629c6e73ed7622d,i**********l@rediffmail.com,rediffmail.com,+91-66****7664,F,63,55-64
P1432,1102ece6a81ffc05,644db7c287f1bfbf,s************e@outlook.com,outlook.com,+91-64****1007,F,69,65+
P1433,bebb9ba45890c921,33631295ac3897d6,r***********u@rediffmail.com,rediffmail.com,+91-79****3679,F,22,18-24
P1434,4f1ad6fe79be57f7,e6f1dde35595a740,k*********y@rediffmail.com,rediffmail.com,+91-85****1036,F,67,65+
P1435,ce86b6af5683c381,cd32f7c8b01824e1,a************1@hotmail.com,hotmail.com,+91-86****6354,F,76,65+
P1436,de50782b62eea5d6,1e6f314780596809,m********y@yahoo.com,yahoo.com,+91-62****6091,F,26,25-34
P1437,107c4a118b59ee88,860b8ac9c3ce88c1,k***********i@hotmail.com,hotmail.com,+91-63****5934,F,16,13-17
P1438,4667eeb2ad940adc,cdda858508e8123e,r**************e@outlook.com,outlook.com,+91-64****0727,F,51,45-54
P1439,53f0b07c5e50a3f0,cd99ac9d80b74647,a*********n@outlook.com,outlook.com,+91-88****9586,M,86,65+
P1440,fd77a0afc3e3befc,eaa7ba48e50b3f59,r*****************1@yahoo.com,yahoo.com,+91-63****2807,M,57,55-64
P1441,0aaf55802800bb96,506b606a8488a6e9,a********n@yahoo.com,yahoo.com,+91-66****8782,M,29,25-34
P1442,0dd6d8085e226060,552be7721ef94955,a*********r@yahoo.com,yahoo.com,+91-74****8648,M,78,65+
P1443,76ef4ea499d62186,73265f1ab819362f,s********1@hotmail.com,hotmail.com,+91-66****3335,F,69,65+
P1444,c5b4528e195ff64c,e0c0dc30a0d24140,s*******a@outlook.com,outlook.com,+91-61****3548,M,47,45-54
P1445,b55baebea11f2811,1357dcdd6babcccd,d*********1@hotmail.com,hotmail.com,+91-66****6278,F,62,55-64
P1446,36f97041eee4873a,583b1f3d4982af12,i***********i@gmail.com,gmail.com,+91-79****7562,M,69,65+
P1447,21d8e9fe6a790768,ce1c440610bf49e6,a***********a@rediffmail.com,rediffmail.com,+91-88****9057,M,76,65+
P1448,8b28e3c6fe5f695d,77a139963469df88,d*********1@rediffmail.com,rediffmail.com,+91-76****2662,M,16,13-17
P1449,1c49e0e06b89876b,91509f5c999c9191,d*********a@gmail.com,gmail.com,+91-62****9747,F,48,45-54
P1450,4cfad343d11c8ce3,e7fe1a81ac250072,r*******n@rediffmail.com,rediffmail.com,+91-93****6778,M,85,65+
P1451,6b3990839a1a0e68,de4a6115570e77a2,a********r@gmail.com,gmail.com,+91-86****6306,F,39,35-44
P1452,b5e5f4b58d8cfeac,a6dc8e960c2cf4bf,a***********1@yahoo.com,yahoo.com,+91-87****1721,F,33,25-34
P1453,f47fb5463612a8fb,d6c0951e3b295059,d*******r@hotmail.com,hotmail.com,+91-69****1073,M,23,18-24
P1454,c58b416ca028a38a,6bb30dc360fb5ffb,v**********h@outlook.com,outlook.com,+91-76****2211,M,10,0-12
P1455,5875821feb04659d,4fb7b11a185d7535,i******r@yahoo.com,yahoo.com,+91-65****6255,M,69,65+
P1456,91b8b27cea3a6df6,1557b570b23e1071,a*********a@outlook.com,outlook.com,+91-89****1370,F,34,25-34
P1457,970237002bc813e3,6b20b70cf1439ab9,a**********a@outlook.com,outlook.com,+91-68****4998,M,52,45-54
P1458,8429008ca8bbbc4e,497e379257ec559b,v*********n@outlook.com,outlook.com,+91-68****9721,F,10,0-12
P1459,e742f49d017f8fca,0a57942e7ad805e8,k************1@yahoo.com,yahoo.com,+91-86****1273,F,19,18-24
P1460,e29416d18d7146d6,92d890376bba1ef6,k***********1@gmail.com,gmail.com,+91-87****3155,M,58,55-64
P1461,48557656e2caea86,01a19c24e5ba6dff,r************1@yahoo.com,yahoo.com,+91-89****4560,M,1,0-12
P1462,85bca06b062ed97b,ccce0c023a0158eb,r**************i@hotmail.com,hotmail.com,+91-71****5163,F,69,65+
P1463,efd4023c2832f2cf,d120892f57d28c62,v**********a@outlook.com,outlook.com,+91-92****8580,F,4,0-12
P1464,19d7b98ba63c6ee6,ba963ab36dde11ab,s******r@hotmail.com,hotmail.com,+91-75****5238,F,16,13-17
P1465,6b4cbb87387613fe,f9d7534046b5e7e0,v***************e@yahoo.com,yahoo.com,+91-73****2240,M,24,18-24
P1466,69c4192ae26182db,c4a833e1d8bc8cd0,a**********y@gmail.com,gmail.com,+91-94****4548,F,80,65+
P1467,756499f76d019a2d,adcae232c99407b3,i***********a@yahoo.com,yahoo.com,+91-69****7388,M,2,0-12
P1468,f506608e0e379a99,9aa6905eaa73d82f,m************u@outlook.com,outlook.com,+91-66****8516,F,32,25-34
P1469,a23f58dd6c70156d,73e67e1e22e1d3ea,a***********1@outlook.com,outlook.com,+91-67****0377,F,84,65+
P1470,933b14018020f8b8,d95af6d096d826ee,m************1@rediffmail.com,rediffmail.com,+91-88****7372,M,24,18-24
P1471,2b131166c5f933b6,5d2625cca1999798,a*********1@gmail.com,gmail.com,+91-77****5216,F,12,0-12
P1472,91f49861c4cb1c36,cceee3ceb66fa834,a**********h@yahoo.com,yahoo.com,+91-99****3177,M,50,45-54
P1473,0db1ed740c3aaf75,b1132e41a85b5480,v**********h@rediffmail.com,rediffmail.com,+91-99****9807,M,35,35-44
P1474,7bc00dc2ba385c9b,816204725300fbaa,s*************1@hotmail.com,hotmail.com,+91-97****6787,F,33,25-34
P1475,4fca6726c472c6ee,efaaf509a462b698,s*************e@yahoo.com,yahoo.com,+91-79****4943,M,33,25-34
P1476,f5919f4d0d19a108,cf4b0d7f1830078c,v**********a@yahoo.com,yahoo.com,+91-64****2314,M,61,55-64
P1477,e874f9bb565be26d,bbe475f958933a86,k**********a@rediffmail.com,rediffmail.com,+91-78****8642,F,51,45-54
P1478,f911254a85efe31c,a522aa9cbabdafae,m***********i@hotmail.com,hotmail.com,+91-61****6315,M,43,35-44
P1479,bd8826ae096051a4,05458ce64b31dd55,s************i@hotmail.com,hotmail.com,+91-94****8244,M,12,0-12
P1480,25d90feef0451386,2d0f5620dbfdc4ce,d********h@outlook.com,outlook.com,+91-85****1350,M,67,65+
P1481,7b4f98350be77d7c,e0a46fef4390011a,i*******1@rediffmail.com,rediffmail.com,+91-63****1261,F,65,65+
P1482,7d8e968726813ce6,f751bcfbf85dfbc3,s**********h@outlook.com,outlook.com,+91-95****5743,M,33,25-34
P1483,f5ba3453f76dc070,e6db900fda21ca1e,a********1@hotmail.com,hotmail.com,+91-77****9237,F,40,35-44
P1484,63e7482ce2d97566,3b3a9356d00e10e8,k**********a@gmail.com,gmail.com,+91-95****5178,F,74,65+
P1485,3ee14d2c161a7b26,2ca4ee9ad85a94be,s******r@hotmail.com,hotmail.com,+91-94****5327,M,43,35-44
P1486,637a4e95eafa31e3,0bd716762abf9649,v**********h@yahoo.com,yahoo.com,+91-79****3397,M,44,35-44
P1487,014243d53aee3008,553ec2ffed5b27f4,i***********1@outlook.com,outlook.com,+91-74****0835,M,29,25-34
P1488,2e6c4e53e6cdf5bf,36f65f8221755c6b,a**********a@rediffmail.com,rediffmail.com,+91-87****5517,F,13,13-17
P1489,daa4a42be8417d38,156d3508481ade84,i**********a@hotmail.com,hotmail.com,+91-64****9994,M,12,0-12
P1490,5afec6ac7fd4be55,0dfe91edec858aa7,i**********a@hotmail.com,hotmail.com,+91-61****0285,M,46,45-54
P1491,4696da6ef3eac70a,aa55bc46cc366f3b,s**********n@hotmail.com,hotmail.com,+91-62****7296,M,2,0-12
P1492,149c3e39c4e2aea8,9b68494bb8ac544d,m***********1@outlook.com,outlook.com,+91-89****7332,M,35,35-44
P1493,5276622fc8c65811,f3537c55aa62c235,s************i@yahoo.com,yahoo.com,+91-95****6279,M,87,65+
P1494,832bcc43253aa561,8e99909e5ca27bd2,k****************e@gmail.com,gmail.com,+91-68****9140,F,81,65+
P1495,fa464fe0a11dae27,cba3a37e607f2fa5,a********r@rediffmail.com,rediffmail.com,+91-62****6707,F,8,0-12
P1496,537c81c91f835622,0484a04f96ad3fb7,s************1@outlook.com,outlook.com,+91-62****4112,M,26,25-34
P1497,0c73dec951be384d,bd1bd793029bab27,i**********u@hotmail.com,hotmail.com,+91-93****6937,M,74,65+
P1498,d4e85e946b3d0230,f21601817427d7ce,r*********1@outlook.com,outlook.com,+91-98****0428,M,34,25-34
P1499,729294820b7f3271,ce02605f807a624d,m********a@hotmail.com,hotmail.com,+91-92****0436,M,7,0-12
P1500,3f164ece08460882,fe5d020edf7186f2,a***********a@yahoo.com,yahoo.com,+91-92****4550,F,68,65+
P1501,e6cad9ad42d7f551,f9f0907057715e44,s*******i@hotmail.com,hotmail.com,+91-69****1592,M,58,55-64
P1502,75d5bd1a6db5646d,94387e0dd0e98bc1,v***********i@gmail.com,gmail.com,+91-82****6542,F,75,65+
P1503,88c185fe67ab8911,48df223cd50b4f2d,r********a@gmail.com,gmail.com,+91-77****8019,F,29,25-34
P1504,9b20757731d79304,1208253e4bdbdb5c,r********h@yahoo.com,yahoo.com,+91-95****7987,M,36,35-44
P1505,6327e5fd0fffbe72,36d9bdd5ae10b15f,m********a@yahoo.com,yahoo.com,+91-79****9062,F,89,65+
P1506,5c6dd346b685c4a4,aeb4aa9745e82a03,d********h@gmail.com,gmail.com,+91-61****9915,F,21,18-24
P1507,b80d7edf61b4503b,31d28d65812a760a,a**********1@rediffmail.com,rediffmail.com,+91-88****9532,F,36,35-44
P1508,7d1a329322c33d5c,7ca1390369941afd,s***********y@rediffmail.com,rediffmail.com,+91-89****6978,F,10,0-12
P1509,6c0c81772c2a9868,f7128a6e1ea5a750,a*************e@hotmail.com,hotmail.com,+91-86****0124,M,73,65+
P1510,90cf11a9e0134239,3bcbc1b201fc7038,d*************e@outlook.com,outlook.com,+91-87****4887,M,24,18-24
P1511,cdc3f7d60cbcfe70,d33b4cd416ae447d,i**********i@hotmail.com,hotmail.com,+91-74****1636,F,64,55-64
P1512,59cd5fa6c6d7e999,b88d69e8759f26e7,r***********2@gmail.com,gmail.com,+91-78****8082,M,49,45-54
P1513,dca4665f48ec2a50,e6e3a11f8bebd04d,m************2@rediffmail.com,rediffmail.com,+91-93****8961,M,36,35-44
P1514,8ad78362887d2571,d35dac6fb539d1c2,a*************i@hotmail.com,hotmail.com,+91-68****2242,M,82,65+
P1515,c8d3d50a917db01e,22a276079ae530a4,i**********1@outlook.com,outlook.com,+91-66****8067,M,24,18-24
P1516,f902d429c3755550,5fe528d75e12d466,r***************1@outlook.com,outlook.com,+91-83****8831,M,23,18-24
P1517,dd8999cb1a26f4c9,aa936cf2d3979942,a**********1@outlook.com,outlook.com,+91-96****1691,F,62,55-64
P1518,05c0e1eca2e83730,ef0ade9d6a115ba0,i**********i@yahoo.com,yahoo.com,+91-94****6201,M,37,35-44
P1519,6ecb480cff6964f6,600f96bd510f0894,a**********a@hotmail.com,hotmail.com,+91-67****5241,M,12,0-12
P1520,321aa14d12441620,44a25cc9cc71e3a2,i******n@hotmail.com,hotmail.com,+91-91****0036,M,55,55-64
P1521,9abcf8437f684481,5e70672befb63ecd,k***********a@hotmail.com,hotmail.com,+91-85****1168,M,13,13-17
P1522,2ee52cd1d22d7eba,fbc82ac5cf660a33,r***********h@yahoo.com,yahoo.com,+91-67****7964,F,23,18-24
P1523,c0d826fb9ef8b34b,98334e3bb6c1df43,k***********a@gmail.com,gmail.com,+91-63****6560,F,89,65+
P1524,c21d771488ead715,a07c6a121f6f0100,k************e@rediffmail.com,rediffmail.com,+91-66****5201,F,30,25-34
P1525,7d3214854295aacd,634770fdcd33dafc,k**********1@rediffmail.com,rediffmail.com,+91-67****3973,F,17,13-17
P1526,a99fa6698fd440f2,4e7618affb782343,s**********h@rediffmail.com,rediffmail.com,+91-88****6599,M,62,55-64
P1527,4a6432f6bba35c24,616f2a5ba67c0d16,a**********a@yahoo.com,yahoo.com,+91-64****7973,F,84,65+
P1528,b7d723d0831d17a7,25ac444d31bb4fa6,d*********a@rediffmail.com,rediffmail.com,+91-83****3487,M,89,65+
P1529,944e453d34b7c647,31faa9f129d498e9,k*********h@yahoo.com,yahoo.com,+91-96****5664,M,86,65+
P1530,941b66bd3472eacc,e4f9e1e9f09effde,r********l@yahoo.com,yahoo.com,+91-62****4179,M,13,13-17
P1531,9655b1e028714e45,e463ee8faedc1068,r************a@yahoo.com,yahoo.com,+91-76****3017,M,59,55-64
P1532,90533cbd725d3c87,afeb7bc3f1c709f0,d***********e@yahoo.com,yahoo.com,+91-78****6105,M,19,18-24
P1533,202ba19004fee691,8b683aeb3b7e66d8,a***********2@outlook.com,outlook.com,+91-78****4104,F,49,45-54
P1534,109fbbeb577ff76d,77e832d29b9fdeb7,a***********i@hotmail.com,hotmail.com,+91-96****9301,F,12,0-12
P1535,7dc5283c46dba86e,7fb80742450c9e64,a**********i@gmail.com,gmail.com,+91-68****4663,F,61,55-64
P1536,2ae100793b1a577c,403fe8a0a52b3270,r*******r@gmail.com,gmail.com,+91-83****5123,F,19,18-24
P1537,61a6f33b0a30c9b8,cb57c058c9d2a96b,r************1@gmail.com,gmail.com,+91-97****6156,M,76,65+
P1538,a05da0e26f5756ca,2bc7554dcb455844,a***********1@rediffmail.com,rediffmail.com,+91-62****6534,F,9,0-12
P1539,2ea5966b99922a0c,85a4aa5b528dd9ab,a********r@rediffmail.com,rediffmail.com,+91-99****1568,M,71,65+
P1540,0e12a856d2e3e283,bdcb84c35685caf3,k********n@hotmail.com,hotmail.com,+91-67****7029,F,28,25-34
P1541,f7a07b9017b971d6,93db01d7c5467d21,s***********1@gmail.com,gmail.com,+91-62****6167,M,78,65+
P1542,c77616d5bd3c29ea,5beee05558ca7d35,s**********i@outlook.com,outlook.com,+91-81****7810,M,52,45-54
P1543,1acd60a050a8bca9,6d97affffe9bc310,s***********2@gmail.com,gmail.com,+91-93****5271,F,83,65+
P1544,9f3b83f8c175bef0,c15db2166b7c8f75,v**********u@gmail.com,gmail.com,+91-81****1558,M,16,13-17
P1545,234fff1022448a0d,b73eefbfdd610a63,s**********y@yahoo.com,yahoo.com,+91-82****8502,M,69,65+
P1546,5bbbad706f90cfc7,293ba7f097f2dd1d,a*************i@yahoo.com,yahoo.com,+91-98****0442,F,12,0-12
P1547,4f9b2e14af5838d1,358727aaaeae944d,a*********2@gmail.com,gmail.com,+91-72****9719,M,25,25-34
P1548,3c996e16a06e8ba7,9ff2117f665588e8,s*********r@hotmail.com,hotmail.com,+91-89****3439,F,52,45-54
P1549,752ec451d64b85bb,eea5f2bc35666e4a,v*************e@gmail.com,gmail.com,+91-76****9914,F,85,65+
P1550,00836d5653061691,4e4b41448c5f4267,i*********l@hotmail.com,hotmail.com,+91-97****0666,F,53,45-54
P1551,1a40cb6595fe0d8a,3237b19d01aedbde,a***********l@outlook.com,outlook.com,+91-86****0686,M,23,18-24
P1552,aee4c6830e4de8f2,2f56aab4feb7dc88,a**********l@rediffmail.com,rediffmail.com,+91-96****9048,M,16,13-17
P1553,95b070a08cf948e3,7ef9dc04b59fae34,a********n@outlook.com,outlook.com,+91-64****6101,M,57,55-64
P1554,bb23e308ef1f7ff3,53753d83f359fc48,d**********1@yahoo.com,yahoo.com,+91-83****0847,F,39,35-44
P1555,5d236dfb8db6d0c3,0365ce6b1cad89aa,s**********i@hotmail.com,hotmail.com,+91-66****0427,M,53,45-54
P1556,05d2122367da8273,6ca577020f4c5e0c,m********h@rediffmail.com,rediffmail.com,+91-89****2143,F,42,35-44
P1557,e907b6bed41cd022,c07f76d6fb5d73cb,a************i@yahoo.com,yahoo.com,+91-88****2155,F,58,55-64
P1558,8f5f11da36afc897,05e16b2f827729f4,d********i@gmail.com,gmail.com,+91-72****4710,M,39,35-44
P1559,65b0b7edf80452c8,6c2ef833317f642b,a*********n@gmail.com,gmail.com,+91-87****2082,F,14,13-17
P1560,75be85a73dee271f,af604f281ca15f24,m*************1@rediffmail.com,rediffmail.com,+91-83****5169,M,5,0-12
P1561,bcdc7bef58f821dd,cbac1d58ace4021e,a*********r@gmail.com,gmail.com,+91-76****2047,M,35,35-44
P1562,75e909a386af13ee,2df0c13e01fa985a,d***********i@hotmail.com,hotmail.com,+91-76****8440,M,87,65+
P1563,b6bb07acf398e76d,101fda34d4d32e9b,a***********1@rediffmail.com,rediffmail.com,+91-97****7836,M,75,65+
P1564,fc3e7b9e17f1efba,6fd79746541e25fe,s***************e@rediffmail.com,rediffmail.com,+91-95****0888,M,18,18-24
P1565,7521cf3b1b78b7e6,a8db9d69c05fdbbd,v**********u@hotmail.com,hotmail.com,+91-64****3044,F,76,65+
P1566,e85977911d8867b3,dffec3991af3ab7a,v***********1@rediffmail.com,rediffmail.com,+91-94****9657,F,9,0-12
P1567,b3e1eb88ef28b8f3,a15cf2a1a8aafb45,s********a@hotmail.com,hotmail.com,+91-78****2339,F,74,65+
P1568,899360c2282e1933,cd1d6007876b2bf2,s**********r@rediffmail.com,rediffmail.com,+91-71****6581,M,58,55-64
P1569,e4e6cc9f18ff5a09,2fa45df4cebc0d0d,m***********r@hotmail.com,hotmail.com,+91-65****3299,M,17,13-17
P1570,1d68cb89131ac566,db52ddc1445064a7,a**********y@rediffmail.com,rediffmail.com,+91-61****3640,M,7,0-12
P1571,3f71d96e94866ee5,d4e7fd1ca28dc193,d********i@yahoo.com,yahoo.com,+91-76****8793,F,46,45-54
P1572,7914797031a1eed8,5e29e2f2b6bd7c3a,s************1@yahoo.com,yahoo.com,+91-93****6489,M,13,13-17
P1573,53e221707f1d27ce,b201fd71864585bc,i**********h@hotmail.com,hotmail.com,+91-73****8677,F,40,35-44
P1574,42c2d994d940d5f0,9f842fba3cd07ad1,s************1@rediffmail.com,rediffmail.com,+91-96****0142,F,42,35-44
P1575,acbb73c8165af93c,4400118c66460521,a***********a@gmail.com,gmail.com,+91-75****1680,M,9,0-12
P1576,d19e61e91110c7c6,c93b0f5ec3e06a29,i********2@gmail.com,gmail.com,+91-97****4545,M,50,45-54
P1577,ae50a109e72beae4,a8c66c5adebcb85c,s************1@outlook.com,outlook.com,+91-75****1389,F,27,25-34
P1578,cd482df3074025fc,ad328177aa3ef74f,s***********h@yahoo.com,yahoo.com,+91-76****2967,M,66,65+
P1579,437ac75ed5d01052,e7e8ccb7369f49fb,k********r@rediffmail.com,rediffmail.com,+91-73****8293,F,5,0-12
P1580,a2b41bc6cd3a4cc7,ccc3084f849b094f,k***********2@rediffmail.com,rediffmail.com,+91-69****5357,M,29,25-34
P1581,ec3f664de8cac55c,e521ba16950be488,s************a@outlook.com,outlook.com,+91-97****5485,M,37,35-44
P1582,5647f50d22c07fe5,6888a1dc50a5038a,k**********i@outlook.com,outlook.com,+91-95****7896,F,38,35-44
P1583,547278c306102545,222fc4e004d14755,s**********1@yahoo.com,yahoo.com,+91-93****1636,M,83,65+
P1584,6f054d7c33268895,7a33b5e21629b8b1,a*********r@gmail.com,gmail.com,+91-73****1699,F,8,0-12
P1585,6165aa6ce7b13963,89d26877fa050c62,s**********a@hotmail.com,hotmail.com,+91-66****4907,M,65,65+
P1586,fb550e49fed8e6d9,4ff295b25b3ef045,a*************e@gmail.com,gmail.com,+91-67****3341,F,86,65+
P1587,36c0b2314ec7643a,d166d5e6fcd378af,i********a@rediffmail.com,rediffmail.com,+91-98****6783,F,17,13-17
P1588,03ee9281f5d7e9c1,5fa8f9626b694872,s********h@yahoo.com,yahoo.com,+91-73****8599,M,71,65+
P1589,407d4671b06058ac,7ee2b942664eddb2,s***********y@outlook.com,outlook.com,+91-64****2830,F,89,65+
P1590,ceaa8a55dbb6fb3a,d5da4e18f2b7e6c2,v***********1@hotmail.com,hotmail.com,+91-65****8085,M,45,45-54
P1591,0e013bea7694dd3b,76fea782887f0c83,k***********a@rediffmail.com,rediffmail.com,+91-97****1235,M,4,0-12
P1592,8ec8e298520157cc,330c5cb474cff715,a**********y@yahoo.com,yahoo.com,+91-85****3343,M,36,35-44
P1593,fc2e447ad3f4d029,b71e6071a012263f,m*******r@rediffmail.com,rediffmail.com,+91-98****4928,F,70,65+
P1594,600d78dec4257251,7126f757eaff735e,d********l@hotmail.com,hotmail.com,+91-62****0086,F,31,25-34
P1595,c745e9e16f8b62e7,02cc9b6deb477fe1,r************a@gmail.com,gmail.com,+91-65****3239,M,19,18-24
P1596,e2b7003098a59bb3,cbf599915676191e,v********s@outlook.com,outlook.com,+91-77****5315,M,61,55-64
P1597,6b9915607ad223c0,d7b4d74cecc02323,k***********l@gmail.com,gmail.com,+91-88****3026,F,54,45-54
P1598,23c1a7d6cc48ccf6,bf083e4a6f262e68,a**********a@yahoo.com,yahoo.com,+91-95****2797,M,39,35-44
P1599,5fe8b999d1c3953c,1054a97c17532397,i******r@outlook.com,outlook.com,+91-76****1235,M,74,65+
P1600,fa1c5d8a725026de,e7c8ba76a6ff19a9,s**********l@rediffmail.com,rediffmail.com,+91-76****9611,F,19,18-24
P1601,8e143392cfe93ece,e476b68be6c58301,k***********u@yahoo.com,yahoo.com,+91-66****9223,M,39,35-44
P1602,23abdadbcccd5020,5616203881d2cc72,k************a@hotmail.com,hotmail.com,+91-92****6093,F,67,65+
P1603,f278497cf9458428,5657357e8301b951,a**********a@yahoo.com,yahoo.com,+91-78****2655,M,45,45-54
P1604,033285aa8dbf3b25,b6ee2db389f3545d,r*********a@gmail.com,gmail.com,+91-87****0229,F,13,13-17
P1605,89b44b341093e413,ff84e7e1d2801db4,a*************1@rediffmail.com,rediffmail.com,+91-69****2100,M,58,55-64
P1606,7da8898649841635,8fc5062eef5c0142,s*************e@hotmail.com,hotmail.com,+91-93****9769,M,20,18-24
P1607,68319998f2b213d0,7370a9909efc6e75,i********a@hotmail.com,hotmail.com,+91-75****0327,F,72,65+
P1608,fadaef640b5da422,25cbcd31e7b19a8f,k***********a@yahoo.com,yahoo.com,+91-71****6605,M,61,55-64
P1609,46265ee8ace47d2d,ac2fd4e8aa4d6e0d,v************1@gmail.com,gmail.com,+91-84****9190,F,39,35-44
P1610,a1b5644da4f741d5,04181201dc45e140,d*********1@outlook.com,outlook.com,+91-87****2368,M,1,0-12
P1611,17d54f541184d42d,64ed2394dab91a52,s***********1@yahoo.com,yahoo.com,+91-83****1389,F,3,0-12
P1612,b43f266dccab6a7a,188f1614f6a16b3a,a***********i@rediffmail.com,rediffmail.com,+91-76****2885,F,77,65+
P1613,1e774aadc48fe407,74068134b9349922,a*********h@gmail.com,gmail.com,+91-71****1401,F,62,55-64
P1614,f3c1e24fc1f900dd,494112f958975de4,a*********y@yahoo.com,yahoo.com,+91-81****0679,F,63,55-64
P1615,32b5b198da805764,792d981c85cf3fa8,k*********l@hotmail.com,hotmail.com,+91-86****3965,M,25,25-34
P1616,eb4c0650aeb70d98,8df0dcb4a738d049,a*************2@rediffmail.com,rediffmail.com,+91-75****9715,M,56,55-64
P1617,7953a046d989a43e,ba93c323825d8b0d,r***********h@gmail.com,gmail.com,+91-61****8704,F,33,25-34
P1618,3e3ab2d3d15a57f8,7b435b173309deda,i***********a@rediffmail.com,rediffmail.com,+91-96****9375,F,38,35-44
P1619,362b5ef4f872bd5e,de7b187cbe931ca7,a**************1@gmail.com,gmail.com,+91-92****0216,F,6,0-12
P1620,9a6a4ce87c196b92,d322c165e139ca9a,s*************i@gmail.com,gmail.com,+91-88****8534,M,58,55-64
P1621,ffe40d4fe07592ee,20592ce04ae0dbfe,a*********h@hotmail.com,hotmail.com,+91-65****3646,M,44,35-44
P1622,7d9bd37e4be31591,8d823ec72a571707,r********1@yahoo.com,yahoo.com,+91-94****6189,M,45,45-54
P1623,45883213c28b61f6,254a2184b710990a,d********a@outlook.com,outlook.com,+91-76****8862,M,32,25-34
P1624,7cee29dfc80bdfb8,c88bc46b5cf160da,r********u@rediffmail.com,rediffmail.com,+91-64****7515,F,45,45-54
P1625,0cf8c0ac6658d347,5251f5f04f5b90be,r*********1@outlook.com,outlook.com,+91-65****7658,F,61,55-64
P1626,6aec11f1ee4b2f3c,0bf438d907101eae,a*************1@outlook.com,outlook.com,+91-69****3312,F,47,45-54
P1627,f79f9897312afcc3,ab5cac96cf1ba7b6,a*********r@hotmail.com,hotmail.com,+91-78****4695,M,21,18-24
P1628,dfec715f19bbc8c3,79016386e2a3bb0b,s********a@yahoo.com,yahoo.com,+91-73****9407,M,80,65+
P1629,a5c7d3db1b7316dd,3fb604baeeb30d9e,k*************1@rediffmail.com,rediffmail.com,+91-88****9855,M,85,65+
P1630,2ce01b8e7b705415,ae4f3cd6e879f339,a****************1@outlook.com,outlook.com,+91-93****0555,F,75,65+
P1631,6b097fb8047e10e1,a3361129baea298e,m**********s@outlook.com,outlook.com,+91-77****8840,F,36,35-44
P1632,29363f1797fd189b,3614fc1c53e5ca8b,a*************i@rediffmail.com,rediffmail.com,+91-61****1357,M,19,18-24
P1633,8ad56c4c34526abe,80975bdf81c1dcea,s********a@outlook.com,outlook.com,+91-84****2419,F,20,18-24
P1634,b79961b3c0e68e98,4ffb2dada7f28eb1,r********u@outlook.com,outlook.com,+91-67****5535,M,57,55-64
P1635,30a47b8e61e9cff5,a7a3f713f3fb8a34,a********n@hotmail.com,hotmail.com,+91-83****3597,M,18,18-24
P1636,5f132ef827971371,9f706548c7ae2e3f,r***********h@yahoo.com,yahoo.com,+91-88****2698,F,47,45-54
P1637,a6579ce278cbdf1b,d14ae1d25be217bf,a**********1@gmail.com,gmail.com,+91-79****0042,M,49,45-54
P1638,2591e7bbce0e677d,e61150cbec411160,k**************e@outlook.com,outlook.com,+91-81****6139,F,14,13-17
P1639,db32248c1147de12,9131851237f282cc,d**********1@hotmail.com,hotmail.com,+91-79****2820,M,15,13-17
P1640,bfbacf6ef3f2d587,4d831e6e996a228f,k**************e@gmail.com,gmail.com,+91-92****8680,F,31,25-34
P1641,b3949f951204187b,04ad3ea6c1fa06c9,m*********1@hotmail.com,hotmail.com,+91-71****5794,F,1,0-12
P1642,bcabe23bdd87127b,375d2dba67440b04,s**************e@gmail.com,gmail.com,+91-69****4459,F,54,45-54
P1643,fa39d8275a6e4194,e6b8ed49a63d73b8,m***********1@outlook.com,outlook.com,+91-63****1211,M,3,0-12
P1644,35876b9d640f0e5d,85b5420e0b1bb782,d********1@hotmail.com,hotmail.com,+91-61****1813,M,16,13-17
P1645,5c5c9e527fdcc7dc,9df8de5b961bf381,a***********1@yahoo.com,yahoo.com,+91-88****2376,F,87,65+
P1646,0b5d21a011062211,64fc3ac30aeb37a5,a**********a@gmail.com,gmail.com,+91-81****7929,F,57,55-64
P1647,2be43efa6c1089ea,4ced911bc732ead3,a********r@outlook.com,outlook.com,+91-82****6005,M,75,65+
P1648,41a772965e33978d,1f7e368610149db1,a***********l@rediffmail.com,rediffmail.com,+91-62****8953,M,12,0-12
P1649,51ae1a9dd24f9bf3,05f8f65bb94f274f,a**********i@rediffmail.com,rediffmail.com,+91-82****3965,M,74,65+
P1650,7cd0930479a42104,da84116b266e3b80,a***********1@rediffmail.com,rediffmail.com,+91-78****0701,F,16,13-17
P1651,264ecbf09de8b980,8c8db66532b3d387,k***********h@yahoo.com,yahoo.com,+91-85****8271,M,72,65+
P1652,bbbb78c1b7917ebb,28a32f0898dea4c6,a**************e@outlook.com,outlook.com,+91-68****4412,M,76,65+
P1653,be644d278216528d,aaed159a84b1a6d0,s***********y@hotmail.com,hotmail.com,+91-92****7642,F,24,18-24
P1654,f002336b242ef6db,f97967d0eac05691,i*********r@gmail.com,gmail.com,+91-76****9345,M,28,25-34
P1655,6c8fe1e584dafb62,3edbb3a8240e8559,a**********h@gmail.com,gmail.com,+91-92****0915,M,8,0-12
P1656,0487a6e9fdff8afa,6d852052b2c30517,a**************e@rediffmail.com,rediffmail.com,+91-92****8815,M,36,35-44
P1657,81dfc369cdf521bb,9b70869aed2bcd44,s**********i@yahoo.com,yahoo.com,+91-61****5921,F,8,0-12
P1658,5202ac59c62c0dc3,1c35f3ab5d0b8463,s***********1@hotmail.com,hotmail.com,+91-91****9185,F,58,55-64
P1659,21e19b31b0aafa35,bbfe2023ae52907e,r*********a@yahoo.com,yahoo.com,+91-64****0197,F,60,55-64
P1660,03d11909b6fee94d,8bc1e66290664477,a********1@rediffmail.com,rediffmail.com,+91-67****1616,F,50,45-54
P1661,866b219072776e41,4e86ce4357f1e63e,k**********r@outlook.com,outlook.com,+91-91****3526,F,28,25-34
P1662,b1eb2fc51ecc3829,9bcfda33976373f5,i*******a@gmail.com,gmail.com,+91-92****4129,F,41,35-44
P1663,21ed1b0f855511af,56a420bf34d76a22,s*********1@rediffmail.com,rediffmail.com,+91-86****0077,F,64,55-64
P1664,4d35900fc3596f46,22f1785c10f53033,m********u@rediffmail.com,rediffmail.com,+91-86****0404,M,27,25-34
P1665,d2ac00b27c2ee30d,fc617fdc4530fa9d,v**********h@hotmail.com,hotmail.com,+91-62****9933,M,63,55-64
P1666,ad27f8894fc8c062,b1cbe79785193235,d******s@hotmail.com,hotmail.com,+91-92****5692,F,17,13-17
P1667,1b33969281550099,2bf02243bb193b4b,s**************2@rediffmail.com,rediffmail.com,+91-63****2947,M,73,65+
P1668,e204a1c2f992a4ed,fbd2570084af6830,i**************1@outlook.com,outlook.com,+91-96****9729,M,33,25-34
P1669,bf419684aa7e7daf,7a90f0253b6cb4d2,m********a@outlook.com,outlook.com,+91-95****2916,F,84,65+
P1670,e7634f691822c5bf,59a066d41097b6b6,a************e@rediffmail.com,rediffmail.com,+91-78****5282,M,77,65+
P1671,9b979ab2f1cb2f7e,eadaaed586b130a6,a***********1@outlook.com,outlook.com,+91-62****4880,M,29,25-34
P1672,b30ffb60aeb561fb,b1e106a6b85aa877,d*********1@gmail.com,gmail.com,+91-63****4410,M,13,13-17
P1673,6277c855731757f2,4dacdd4ac5c88ef5,m***********2@outlook.com,outlook.com,+91-64****0400,M,46,45-54
P1674,8ee78b5b18c63f83,f70cacc649c17e00,m**********l@yahoo.com,yahoo.com,+91-95****3407,M,35,35-44
P1675,d37b26ba684e614e,9573854ef670e7f7,m******s@gmail.com,gmail.com,+91-67****9095,F,6,0-12
P1676,289316711a919b73,9fafc3dd1d2d3742,r***********y@rediffmail.com,rediffmail.com,+91-73****4901,F,82,65+
P1677,33241fd6342e7675,e5548250305666a1,d********u@yahoo.com,yahoo.com,+91-83****3124,F,69,65+
P1678,7690c07de889daf5,b8552712bcb49a91,a*********i@outlook.com,outlook.com,+91-82****7147,M,47,45-54
P1679,7550b09031bd8b93,e7719abe033d8053,s*********1@yahoo.com,yahoo.com,+91-94****4059,F,25,25-34
P1680,1ed739eb5384715a,e5de86f3d7103438,i*******1@yahoo.com,yahoo.com,+91-62****2973,M,66,65+
P1681,18bc991ca8187e7d,92bc1d8782b42481,a***********l@yahoo.com,yahoo.com,+91-97****9622,M,10,0-12
P1682,2d2bc58338c0086f,d6e604e8058b2fb4,k***********1@gmail.com,gmail.com,+91-62****1815,M,56,55-64
P1683,ca5d0ba1e0151bd8,4d23ac2e457c98c6,a*******s@gmail.com,gmail.com,+91-99****8766,M,30,25-34
P1684,76c987c43393f16c,a27d0adce75b1cef,k************e@yahoo.com,yahoo.com,+91-62****0205,F,5,0-12
P1685,95c1a7c8e7fbb0a6,bd2aaa835a4d1b31,m*********2@hotmail.com,hotmail.com,+91-66****2815,F,33,25-34
P1686,d45215cf55a1c54e,5f8f72ea8411c7f5,i*********n@rediffmail.com,rediffmail.com,+91-71****1865,M,65,65+
P1687,3bab5952b6aeccff,1d89bc48b235cbd6,a************1@outlook.com,outlook.com,+91-92****2235,F,18,18-24
P1688,f3de03763491a98e,a4e037e217d5a2b5,s***********1@hotmail.com,hotmail.com,+91-95****1296,M,49,45-54
P1689,db6606f7ec773a95,17abe5429039417e,i*******l@hotmail.com,hotmail.com,+91-85****8529,F,11,0-12
P1690,e39a022bfccc0b81,c1fa68a71d6401fa,k**************i@outlook.com,outlook.com,+91-61****3356,F,85,65+
P1691,4d454243d9b2aa10,248a1235279bb7fe,v*************1@hotmail.com,hotmail.com,+91-72****9713,M,26,25-34
P1692,5e37feb708c7e3a3,e632224c114d39a9,s*********1@gmail.com,gmail.com,+91-85****0048,F,63,55-64
P1693,b7f79dba73e864a4,fb0aaa959bc9dc64,i*******a@hotmail.com,hotmail.com,+91-65****3751,M,89,65+
P1694,774d96866293f098,90664129a87748ce,s**********l@outlook.com,outlook.com,+91-84****9806,F,86,65+
P1695,5fbf422339fe8d0b,a53f4b48a04080fb,k********r@outlook.com,outlook.com,+91-61****7949,M,59,55-64
P1696,ed1a7344a097e175,36b3670983f2df4b,r*********a@gmail.com,gmail.com,+91-74****0849,M,27,25-34
P1697,5a7ff7b43c2215e4,6117f08933ee38b7,a*********r@rediffmail.com,rediffmail.com,+91-71****8826,F,49,45-54
P1698,982adf7e8d3eef19,45f5847c85f1ab6f,i********1@yahoo.com,yahoo.com,+91-99****9972,F,77,65+
P1699,27830dd1e2b304e5,16694e84ba9a5e18,v*************2@hotmail.com,hotmail.com,+91-62****1408,M,33,25-34
P1700,80df5ec37b304fc8,26a73844e896fc7e,k***********1@outlook.com,outlook.com,+91-62****1146,F,1,0-12
P1701,b62473fdea46e95a,7788eb7f6dfa1cc1,a**********a@gmail.com,gmail.com,+91-64****2915,F,21,18-24
P1702,27ff86c365f6d85f,a5029fdd1e21922d,a***********2@rediffmail.com,rediffmail.com,+91-93****2501,M,55,55-64
P1703,deca28dddb071455,abf2c64dc02d11e9,a**********i@yahoo.com,yahoo.com,+91-63****1983,M,6,0-12
P1704,acd1219865eecaa0,e0ab7a668f3cd424,s***********h@rediffmail.com,rediffmail.com,+91-95****7514,F,81,65+
P1705,2b68e903ecbb806a,0f9ab03ee9961e2b,s***********a@hotmail.com,hotmail.com,+91-98****2650,M,69,65+
P1706,878e6ea15d3a3e49,755539aafd750611,a*********l@gmail.com,gmail.com,+91-73****7655,M,5,0-12
P1707,9378cbc6a1d0c6b8,04fbed62656c6b7b,s********s@gmail.com,gmail.com,+91-89****9935,M,3,0-12
P1708,5cfb87be4041c14f,5567f9b8d6f74829,a*********h@rediffmail.com,rediffmail.com,+91-84****2693,F,53,45-54
P1709,e3eb18602ea2cd01,9363ae32b96e4298,s*******l@yahoo.com,yahoo.com,+91-74****4575,F,23,18-24
P1710,4f5bd58545b0c443,6d80bad533035446,v***********1@hotmail.com,hotmail.com,+91-96****1958,M,53,45-54
P1711,5499222559dcc39f,ad815266a57d9a41,i*******i@outlook.com,outlook.com,+91-65****3722,F,37,35-44
P1712,dcb7da06afd8673b,6b6c50f932ee6bb6,k***********i@rediffmail.com,rediffmail.com,+91-88****1598,M,74,65+
P1713,3edf1a6e160918a6,9e71b9f4019a3e21,k*********a@rediffmail.com,rediffmail.com,+91-64****6300,F,74,65+
P1714,c3109792985cb805,95eaa481af31cb5c,i*******i@hotmail.com,hotmail.com,+91-98****8247,M,83,65+
P1715,20b27f037a17e259,27583bcaf5b85524,v***********a@rediffmail.com,rediffmail.com,+91-75****0359,M,17,13-17
P1716,2713856cebf50735,5875c4238af6b536,s************2@rediffmail.com,rediffmail.com,+91-67****4081,F,85,65+
P1717,ec5846c5a5b65d2c,8ef84d5d14f02644,a**********i@outlook.com,outlook.com,+91-69****4961,M,78,65+
P1718,a708e6c6d19315cf,49feb4dca5abf6af,a**********i@gmail.com,gmail.com,+91-87****0225,F,73,65+
P1719,72804fc3258c5f3f,584c221e83501234,s***********h@yahoo.com,yahoo.com,+91-87****6985,F,1,0-12
P1720,31b234bdc56e3b80,a8ebae44c40476dd,a************1@yahoo.com,yahoo.com,+91-66****7033,M,51,45-54
P1721,b007a3d6a745d95d,f1784d8d9b0870cd,k************i@hotmail.com,hotmail.com,+91-98****3185,M,45,45-54
P1722,6c1d7d09bdbea9fc,2ac78b436967d524,s************1@outlook.com,outlook.com,+91-88****0816,F,77,65+
P1723,5b3b8033dfb77239,6813840463b8addc,k********r@rediffmail.com,rediffmail.com,+91-67****4893,M,4,0-12
P1724,2a85fba712f670f6,46428a5ae1c2dbc8,m********l@yahoo.com,yahoo.com,+91-86****6364,M,62,55-64
P1725,a3c922475adddbe7,a3eafaa5fe2431b8,a**********h@yahoo.com,yahoo.com,+91-89****5386,M,65,65+
P1726,a65870e1d24af19a,d99302557e742974,m************y@outlook.com,outlook.com,+91-87****4817,M,32,25-34
P1727,df90a6e7e3aa0bb7,c07b4fb68c8cdcb7,a********s@yahoo.com,yahoo.com,+91-62****8884,M,34,25-34
P1728,6440f1a2fb216ef3,2dba5565bc87f0c7,i********1@yahoo.com,yahoo.com,+91-99****1617,F,72,65+
P1729,151ca2e24e358902,6e7c9ba96d3da71f,a**********1@rediffmail.com,rediffmail.com,+91-91****3527,F,39,35-44
P1730,8031375e851758f6,4710e3bb780b25b6,m*********1@yahoo.com,yahoo.com,+91-89****7681,M,26,25-34
P1731,fc1cdcc23ce9b152,f4897de5d680461a,k************a@rediffmail.com,rediffmail.com,+91-66****0347,M,34,25-34
P1732,05cb2e70227766cd,5ac96745fccdaa0a,i*******y@hotmail.com,hotmail.com,+91-89****2746,M,54,45-54
P1733,e8669bba7dd84728,84c4013039565931,a*********1@rediffmail.com,rediffmail.com,+91-73****6188,F,3,0-12
P1734,be5a9ebfc661bb5b,4f1a488591147a1d,a***********2@yahoo.com,yahoo.com,+91-98****8806,M,50,45-54
P1735,62c4bfad6e91a8ce,ef40662013ff3d83,a************i@hotmail.com,hotmail.com,+91-84****0669,F,12,0-12
P1736,7481a3cd0c0dd33b,b6219bc49981bb2b,a*********u@gmail.com,gmail.com,+91-79****6113,F,65,65+
P1737,4ccdc29c3a79c7b6,0eb50cf26f819aae,i***************e@hotmail.com,hotmail.com,+91-96****1677,F,54,45-54
P1738,93fac541e4ba50fe,1fb11970690d84c7,a************1@yahoo.com,yahoo.com,+91-84****2191,M,5,0-12
P1739,661685a2bb4cd09d,1cf7a976bcd3bf83,s*********1@outlook.com,outlook.com,+91-72****9713,F,57,55-64
P1740,ca3f3baee26cd59c,0d2f643d3262b82b,s*************e@outlook.com,outlook.com,+91-61****3910,M,17,13-17
P1741,491c70873fab0555,47288f96886b4854,a**********1@rediffmail.com,rediffmail.com,+91-68****1742,F,47,45-54
P1742,17ba898ecde43b8e,7b5fca1df471d445,a**********a@hotmail.com,hotmail.com,+91-95****7447,M,23,18-24
P1743,4857e6c98867c8e9,3ed945090d5d4cda,s***********a@rediffmail.com,rediffmail.com,+91-72****7244,F,79,65+
P1744,11b25bb26b7e7cdd,54d5d84b982f1819,s***********i@outlook.com,outlook.com,+91-89****3824,M,85,65+
P1745,7c3a36469740b40b,51ee4c875e36f8ee,m***************i@gmail.com,gmail.com,+91-86****9319,F,14,13-17
P1746,25d4c32e0554163b,3807fd385701385a,a**********a@outlook.com,outlook.com,+91-86****5891,M,66,65+
P1747,be46ec5c682bf1f7,08c9c1ad5f56bf16,k*********i@gmail.com,gmail.com,+91-71****7317,M,75,65+
P1748,873a5557b5bda049,6d1b1f771b505072,s*********1@hotmail.com,hotmail.com,+91-63****3959,M,51,45-54
P1749,8bedb1d8635bbcfa,0c492f6e874b813f,s***********1@rediffmail.com,rediffmail.com,+91-86****4202,M,38,35-44
P1750,a258ef65eb282640,1d8b8dc7b2ce6cae,a**********a@outlook.com,outlook.com,+91-83****3535,F,64,55-64
P1751,cbcf3ba55b955137,7d6ce96ad97688d3,s*******y@hotmail.com,hotmail.com,+91-66****4119,F,38,35-44
P1752,afdd5a783ce78265,8d9b63ac53166677,i*******h@outlook.com,outlook.com,+91-75****4256,M,50,45-54
P1753,b4ff42c12101d2e4,a45a71a8cb2d424d,d********y@hotmail.com,hotmail.com,+91-75****5743,F,82,65+
P1754,1bfde491b6430bfe,cfa67d95e46a6093,a*********a@gmail.com,gmail.com,+91-65****6530,M,30,25-34
P1755,1df3122bd8e8b18e,fea2d740b07d2762,r***********a@hotmail.com,hotmail.com,+91-98****3403,M,79,65+
P1756,752688c9d227aa89,ef1c108db8231372,i*******1@rediffmail.com,rediffmail.com,+91-78****6473,F,51,45-54
P1757,78766d00085234aa,8d4824f954bcf254,a**********2@rediffmail.com,rediffmail.com,+91-94****3993,M,63,55-64
P1758,7140e9bc4e368026,b5e207f92f682336,s**************3@rediffmail.com,rediffmail.com,+91-76****7238,M,52,45-54
P1759,09d83f566f910344,46c3a24395c5dc4d,v***********i@rediffmail.com,rediffmail.com,+91-84****3943,F,38,35-44
P1760,864ac31e84e1c68a,786e2ad002be2223,s*********l@outlook.com,outlook.com,+91-72****3255,M,88,65+
P1761,29353b47a6b0a79d,92b06b85ce862136,m*********1@yahoo.com,yahoo.com,+91-71****6972,M,79,65+
P1762,78182315057c5e61,3a73ec83dfe45a88,s*******r@rediffmail.com,rediffmail.com,+91-79****0057,M,30,25-34
P1763,308d5c274565b0a2,0e9ea8b3f41895d5,s********l@gmail.com,gmail.com,+91-78****8560,M,51,45-54
P1764,de07136df87fd5b6,823225858f9f42b5,m*********2@hotmail.com,hotmail.com,+91-83****9023,F,81,65+
P1765,f0cb639b75da08e3,41b1fd8c2b3dcc00,s**********a@yahoo.com,yahoo.com,+91-94****9088,F,5,0-12
P1766,8859155cb3d653cc,f9421da5f22ad309,i**********e@gmail.com,gmail.com,+91-98****4681,F,29,25-34
P1767,9a788f3be7c89e05,6673166ed9930ed9,s*******h@rediffmail.com,rediffmail.com,+91-97****8074,M,4,0-12
P1768,91d0ec869ea9636e,3f0f62572373c81d,k***********h@gmail.com,gmail.com,+91-75****6405,M,10,0-12
P1769,9d97b8f0c5a96e68,4437e2b4035bb98f,a**********h@yahoo.com,yahoo.com,+91-91****7000,F,56,55-64
P1770,fa9be157ea9e8e8c,d0e0076e76a65fa2,m*********1@yahoo.com,yahoo.com,+91-87****5620,M,17,13-17
P1771,38853a1529f2ae25,3b07de9ad9a62061,k*********y@hotmail.com,hotmail.com,+91-68****7184,M,74,65+
P1772,94f108761daff1e2,39f178e981a91007,s*************1@hotmail.com,hotmail.com,+91-98****3896,M,17,13-17
P1773,a7161284fe39b406,df9e39b7057dca8e,s***********1@hotmail.com,hotmail.com,+91-99****8571,M,84,65+
P1774,e6a6c52be26cddaa,39eab2808360553d,a***********1@yahoo.com,yahoo.com,+91-81****8542,F,88,65+
P1775,49c4c822b5a7a68a,36ead27028952d46,k*******s@hotmail.com,hotmail.com,+91-89****2258,F,69,65+
P1776,1f52568459c72d0f,7b1e112190f1669a,a*************e@rediffmail.com,rediffmail.com,+91-63****2289,F,34,25-34
P1777,1bb28d7c41077135,e68b063a35266972,a**********a@hotmail.com,hotmail.com,+91-65****1597,M,6,0-12
P1778,33e5462694e34755,5e1ca3009f4ce7cb,k************1@gmail.com,gmail.com,+91-67****6140,F,53,45-54
P1779,2e610ecf86c6687b,54b77d7341e9af87,m************u@rediffmail.com,rediffmail.com,+91-85****9789,F,66,65+
P1780,cefd2b0402640084,6ab47c4cd5b41fbe,r************1@rediffmail.com,rediffmail.com,+91-88****8933,M,77,65+
P1781,376db707c28039b4,c15a6ac9c339994e,a**********1@hotmail.com,hotmail.com,+91-62****2642,M,43,35-44
P1782,50174277a8bb21b1,1fa6003f31d65bc1,s********1@outlook.com,outlook.com,+91-86****4290,F,75,65+
P1783,f5537591dd794323,0b7b1cfddb13d484,a************i@gmail.com,gmail.com,+91-88****1918,F,23,18-24
P1784,027f50bcc17011b1,7b29354e59df560e,i**********i@hotmail.com,hotmail.com,+91-74****5234,F,55,55-64
P1785,e09cdfa690a8ceb8,36c684860798b29e,a**************1@yahoo.com,yahoo.com,+91-67****1420,F,80,65+
P1786,7cf8872c1c103b5d,7e6e8051a889c1c6,k************1@hotmail.com,hotmail.com,+91-89****1325,M,75,65+
P1787,f3c977ac153c715e,847c10f69a0e3391,r***********a@gmail.com,gmail.com,+91-81****3612,F,16,13-17
P1788,5cabd07315e2fc2c,38485cde53e19873,r************a@rediffmail.com,rediffmail.com,+91-94****9366,F,8,0-12
P1789,44c982d24bf1c34d,2f1fc66cc7aa9f89,a**********1@outlook.com,outlook.com,+91-66****6021,M,4,0-12
P1790,f3daf063a5b1136d,cfda3047c3c7e3fc,s***********2@yahoo.com,yahoo.com,+91-63****7395,F,4,0-12
P1791,9d5aa64e4d404bc7,76ac1b3c6339d19f,a***********1@outlook.com,outlook.com,+91-67****5166,M,56,55-64
P1792,5698a93acd0a39f5,9d00754f9b986b3b,i****************1@rediffmail.com,rediffmail.com,+91-61****0063,M,25,25-34
P1793,1493070e9a3987de,ac1bf112e8497738,a*********i@hotmail.com,hotmail.com,+91-83****1740,M,67,65+
P1794,0a4c5b55041943a9,087d850dc6ca4380,k************1@hotmail.com,hotmail.com,+91-78****1695,F,67,65+
P1795,6446126d7b246661,ae70bdca1662e840,s**************1@hotmail.com,hotmail.com,+91-82****5063,F,27,25-34
P1796,7db8fd6291a2ab36,cf09eb6df854f1d6,d**********l@gmail.com,gmail.com,+91-79****9566,M,32,25-34
P1797,8b1f8eca742b3ecf,9c77a0550ba2680c,a**********3@yahoo.com,yahoo.com,+91-82****1347,F,50,45-54
P1798,3c87d94af01907ac,28c4bb843529b0e8,a***********1@outlook.com,outlook.com,+91-84****4710,F,61,55-64
P1799,63cb09827e8d88f1,f051c9da1d5b88ab,m************h@outlook.com,outlook.com,+91-74****4224,M,51,45-54
P1800,de760ec4d3239acd,6779f771abb6191e,r***********i@yahoo.com,yahoo.com,+91-92****5515,M,19,18-24
P1801,05f993db516f78eb,a57d02d458b321cc,a**********a@rediffmail.com,rediffmail.com,+91-84****8632,F,21,18-24
P1802,87f9262340bee48d,880e2c9729bf4724,m********a@rediffmail.com,rediffmail.com,+91-96****4141,M,5,0-12
P1803,c032ed3449bd8aac,c94736564a09b926,k***********h@outlook.com,outlook.com,+91-97****0563,F,82,65+
P1804,29c8e345ea56752c,f60d9aaefd3029d3,m***************e@outlook.com,outlook.com,+91-79****2930,F,42,35-44
P1805,12d9f1c8ba32ff2e,8a0451afa4ed2223,k*********l@yahoo.com,yahoo.com,+91-91****5965,F,61,55-64
P1806,90bda6da87dac76b,50fdfac42aea1385,s*******h@rediffmail.com,rediffmail.com,+91-99****2034,F,22,18-24
P1807,8e4b1ebb7446078b,738810d3be110fcb,a*************i@gmail.com,gmail.com,+91-86****8145,M,21,18-24
P1808,d80d791dcdabd814,404f4416576015d9,a***********1@outlook.com,outlook.com,+91-85****9993,M,70,65+
P1809,7817856a935829f2,199a29a240de77a8,d**********2@gmail.com,gmail.com,+91-99****5514,M,1,0-12
P1810,56367216b2fc42d8,98feccbc924718e0,i**********u@rediffmail.com,rediffmail.com,+91-88****6236,M,5,0-12
P1811,c9958d9a617482c3,323edd077dc2e621,m***************e@rediffmail.com,rediffmail.com,+91-62****7051,F,12,0-12
P1812,5bfbdaef43a342c8,0fbc6ea873e2b15f,m************l@yahoo.com,yahoo.com,+91-95****0681,F,46,45-54
P1813,1e7228c3f4a5d450,b70c161145977af0,k**********1@hotmail.com,hotmail.com,+91-65****5954,M,34,25-34
P1814,ebffd6c5af1a3468,957282051da15768,r*************1@outlook.com,outlook.com,+91-87****5575,F,49,45-54
P1815,64ed2fc5befc30da,b54810e3a41f23ce,m**********l@gmail.com,gmail.com,+91-92****6885,F,78,65+
P1816,ce595d1fbda99c9b,4033258c5073f5dc,s***********i@gmail.com,gmail.com,+91-73****3760,F,45,45-54
P1817,5c68d839b4c36c4a,b77f49c1d513d557,r***********l@rediffmail.com,rediffmail.com,+91-64****0534,M,27,25-34
P1818,fe5bade10a7550d8,73c123b5ff1da8ea,a*********1@hotmail.com,hotmail.com,+91-67****3476,M,73,65+
P1819,d19bfe4a41ef0f2a,2a43496d0f801157,v***********1@hotmail.com,hotmail.com,+91-77****9588,M,26,25-34
P1820,13985327b82a74cb,0c26c6cfd6dcc549,m************1@gmail.com,gmail.com,+91-65****3004,F,47,45-54
P1821,a3ee903f8b8af611,59a95eb57f80e9a8,a************2@outlook.com,outlook.com,+91-89****7727,M,86,65+
P1822,e543e26c10787f15,8ad5a0b674c255ca,i*********l@yahoo.com,yahoo.com,+91-94****5531,M,56,55-64
P1823,6a80c93fce629357,85be5ff1cfc25186,r**************e@hotmail.com,hotmail.com,+91-72****0594,M,63,55-64
P1824,774c458938e7458b,920df1ccb9d692f0,i*********l@rediffmail.com,rediffmail.com,+91-64****2212,M,48,45-54
P1825,e83d62b833b42d44,c417a90b5b47af40,i**********2@outlook.com,outlook.com,+91-74****6943,M,61,55-64
P1826,f6cdaa7e0b5fd6ac,e899c1b86625b254,a************l@gmail.com,gmail.com,+91-82****1192,M,81,65+
P1827,363002a0a0644e66,ca6413581ee927c1,a*********n@gmail.com,gmail.com,+91-65****8471,F,26,25-34
P1828,e7a15e687566aea8,172b7e4c58e83665,r***************2@outlook.com,outlook.com,+91-68****5388,F,36,35-44
P1829,3475a798b82d909b,47997732d7afcefb,a***********1@rediffmail.com,rediffmail.com,+91-79****1709,M,1,0-12
P1830,6acf8ab0bfcf5f4b,a9d820879687ef87,m********i@outlook.com,outlook.com,+91-63****0065,M,8,0-12
P1831,ed767b3e9674f169,3fe7ef2e116214f1,d************1@yahoo.com,yahoo.com,+91-77****3849,F,52,45-54
P1832,276e0f4280de906f,061031a2b0c8c85d,k************e@hotmail.com,hotmail.com,+91-96****7289,F,79,65+
P1833,e0479956e6d856cb,9976bd295d527afc,a*********1@yahoo.com,yahoo.com,+91-95****4854,M,47,45-54
P1834,5b269486759a0a87,65c68567798e763a,r********h@rediffmail.com,rediffmail.com,+91-69****6903,M,56,55-64
P1835,dcc0624cfb5cdcda,56588a0accfd17b4,i***********1@hotmail.com,hotmail.com,+91-69****7726,M,86,65+
P1836,2dd826fdfeee8ba4,8e738d432475bc4e,s***************e@outlook.com,outlook.com,+91-81****6189,M,14,13-17
P1837,d00690955792c121,c38c430b6ea4abbe,a**********a@hotmail.com,hotmail.com,+91-64****1535,F,28,25-34
P1838,65ab6b608fa04224,4ad8cf3deaec08a8,i**************2@outlook.com,outlook.com,+91-67****0167,M,87,65+
P1839,d92072d7391d932a,ae54966e5cbc6562,i**********2@yahoo.com,yahoo.com,+91-86****1690,M,78,65+
P1840,db0474eaf76cec32,b881b0d91509ebf5,a***********1@gmail.com,gmail.com,+91-76****5512,M,88,65+
P1841,27b3a5a3b9f4450f,e1c9a37e044a3e2c,d*******1@hotmail.com,hotmail.com,+91-73****1584,M,2,0-12
P1842,6e990edb9f3670ce,9d0f81c464f081e5,i**********e@yahoo.com,yahoo.com,+91-82****0042,F,26,25-34
P1843,0046dbf5a743a1db,d54a05f49a5272d0,v**********l@rediffmail.com,rediffmail.com,+91-84****3949,F,14,13-17
P1844,977253ee71c2766f,17e7794c3edb765e,v************1@rediffmail.com,rediffmail.com,+91-87****4641,F,59,55-64
P1845,c856db01222658ba,62e74672cb5674c2,a***********a@hotmail.com,hotmail.com,+91-79****1850,M,56,55-64
P1846,8734363997c64a75,31b24ad1d4107032,v**********a@rediffmail.com,rediffmail.com,+91-93****0238,M,7,0-12
P1847,0b34d5db435baa51,084d168303254b52,a************l@rediffmail.com,rediffmail.com,+91-79****9762,F,3,0-12
P1848,153ba2ca30105fcf,3acc46c6f1db4ec7,k**********1@hotmail.com,hotmail.com,+91-86****4623,M,23,18-24
P1849,ce919c2eb5eda8ea,dccdaf929a0852b6,a*********1@outlook.com,outlook.com,+91-83****8711,M,18,18-24
P1850,63b0888d6b5ff371,3e65cc5a75c7d4ed,a***********l@outlook.com,outlook.com,+91-67****1423,F,38,35-44
P1851,431a87436a06e4d1,7d6f089660762660,r************1@gmail.com,gmail.com,+91-79****0532,F,15,13-17
P1852,b28ac1a52a089843,a2d7a0a2c8f568bb,s*******a@gmail.com,gmail.com,+91-77****2752,F,64,55-64
P1853,f99189ae9cbad210,2bac42111f54e24f,d**********l@yahoo.com,yahoo.com,+91-85****8441,F,89,65+
P1854,c6256242df7ab4aa,96360cf27961bcbc,k*************1@yahoo.com,yahoo.com,+91-74****9665,M,28,25-34
P1855,b42ab9f40d59c27c,4485b2746f272d0d,m************u@yahoo.com,yahoo.com,+91-74****8081,M,74,65+
P1856,7cb34d6d65e69a77,b9494f5a61933f14,d*******n@yahoo.com,yahoo.com,+91-91****3440,F,39,35-44
P1857,8e4022f3dab75823,2aead1dcea0a38d3,i******n@gmail.com,gmail.com,+91-79****9890,M,57,55-64
P1858,221700a05dbdd952,1b8f82735f825ce9,m*********3@hotmail.com,hotmail.com,+91-65****0359,F,17,13-17
P1859,0f0e33697254c298,15055f0f71ccc2f2,s**********n@rediffmail.com,rediffmail.com,+91-61****3093,F,86,65+
P1860,15fb8417e672cd57,41c009dfda5be473,s*************e@yahoo.com,yahoo.com,+91-82****8307,M,44,35-44
P1861,bb063542bc4b7cc5,93f476a9a30bceb7,a************1@rediffmail.com,rediffmail.com,+91-68****7448,F,25,25-34
P1862,a2060aa72d8e63c7,035836fdf462ad1b,d*********2@rediffmail.com,rediffmail.com,+91-62****9944,M,17,13-17
P1863,40dfa0cc16518d7d,106ca3421b7c2707,d**********l@hotmail.com,hotmail.com,+91-87****8259,M,13,13-17
P1864,3f61833d90a1dfe4,89a7fc48584a4a62,a*********h@rediffmail.com,rediffmail.com,+91-87****6848,M,84,65+
P1865,4daf6e19bb87d749,62884f80c4526cc5,i**********a@yahoo.com,yahoo.com,+91-85****1549,M,25,25-34
P1866,1ccb009acb3eebd9,215f7a3775fd9fc6,i***********1@outlook.com,outlook.com,+91-67****3453,F,68,65+
P1867,f7fea35f6226257c,9f755d8b7fc75686,k*******s@outlook.com,outlook.com,+91-84****4359,M,10,0-12
P1868,dfc271a750f776ae,432d7c37f17eb984,m********l@gmail.com,gmail.com,+91-72****8281,F,67,65+
P1869,a697e4f296618da6,d84878e80b814fed,i********1@hotmail.com,hotmail.com,+91-75****4753,F,18,18-24
P1870,2959e9434f46ad9c,fd5c212c8b462056,r***********l@hotmail.com,hotmail.com,+91-86****7767,F,86,65+
P1871,87d8ca765d1b473e,99a9110a180abb5b,a*************i@yahoo.com,yahoo.com,+91-81****9054,F,34,25-34
P1872,45e7acf8a42e6dc2,0c6c401c84d6abed,k************2@hotmail.com,hotmail.com,+91-83****8755,M,8,0-12
P1873,fa1c0f752839c50e,e5ee74283e571645,s************1@rediffmail.com,rediffmail.com,+91-73****3551,M,40,35-44
P1874,80934024e28acfbf,620bf7f7cb432498,m*************1@outlook.com,outlook.com,+91-67****2200,F,83,65+
P1875,244e2c2a8247d7f1,8315b0d73ba3d096,i*************1@rediffmail.com,rediffmail.com,+91-71****4355,F,42,35-44
P1876,b97c8b2fdc1183a3,9fb0537ee6585cd1,a**********1@outlook.com,outlook.com,+91-98****2690,M,41,35-44
P1877,b44b6927a2f1b700,a54fcf451d88ba90,a**********1@gmail.com,gmail.com,+91-97****5640,F,6,0-12
P1878,18c0f8bd338cd1be,3b09b709bd1de58b,k**********a@yahoo.com,yahoo.com,+91-87****1319,M,52,45-54
P1879,056a18fb01ca5c2f,af0f4e03a7b71880,a************i@yahoo.com,yahoo.com,+91-71****4873,F,26,25-34
P1880,74a04ac8ee7833c6,e18d65c4dc6cb135,r***********1@gmail.com,gmail.com,+91-85****3412,M,64,55-64
P1881,14917a28690ec0d1,ce6db9fa51ff65c1,s************1@hotmail.com,hotmail.com,+91-74****5950,F,59,55-64
P1882,3969987f4d3fd8ef,7515caf7922cece4,k***********h@rediffmail.com,rediffmail.com,+91-89****9026,F,56,55-64
P1883,c3595dbf9e8e8fce,58824884e2af4c3d,r*************e@rediffmail.com,rediffmail.com,+91-63****6186,M,59,55-64
P1884,31e0b29a7e7f4802,5df7536711302529,a***************e@outlook.com,outlook.com,+91-64****6573,F,70,65+
P1885,a4269a1625f41d3d,2dacc1e6623180c6,i************e@yahoo.com,yahoo.com,+91-71****4107,F,33,25-34
P1886,397f7e18012ae260,8c5e22899ee72d22,d**********1@hotmail.com,hotmail.com,+91-97****0042,M,53,45-54
P1887,4eb63e27e0837d50,d51ea61fbf72108f,i*******a@yahoo.com,yahoo.com,+91-89****5406,F,22,18-24
P1888,28ed56288e173ac3,d949790b15710bfd,m************u@hotmail.com,hotmail.com,+91-75****7507,M,21,18-24
P1889,b610e9a821f039e0,8e2f0133a9c45b21,a**********l@hotmail.com,hotmail.com,+91-64****5986,M,70,65+
P1890,b25187c6ed8c7271,42d6a38deee5147e,r************a@gmail.com,gmail.com,+91-68****6275,F,70,65+
P1891,19f75932d424f931,200e2675405980b4,s***************1@yahoo.com,yahoo.com,+91-67****5469,F,4,0-12
P1892,7cf3e17868e95cb0,df8c9ce122e5f0ab,a***********1@gmail.com,gmail.com,+91-84****6877,F,75,65+
P1893,f24f3671cbbb6ef5,30cc1f599282e2d4,a*********r@gmail.com,gmail.com,+91-81****5151,F,62,55-64
P1894,bd1c853a592ee357,07345e4dae35a21c,k***********u@gmail.com,gmail.com,+91-81****6118,F,62,55-64
P1895,5fb4dbac2048411c,11e27f0d480c9df3,r***********i@rediffmail.com,rediffmail.com,+91-76****0074,F,24,18-24
P1896,08324ff902357855,c2f491d60642ef61,s**********1@yahoo.com,yahoo.com,+91-66****8745,F,55,55-64
P1897,2fb9e782cb502c8a,13c427084cf31829,k***********a@outlook.com,outlook.com,+91-73****8928,M,9,0-12
P1898,affd4ab1abefe077,654b706c52ad69f9,s***********h@hotmail.com,hotmail.com,+91-99****0386,F,3,0-12
P1899,21cb6e92e82454be,952e952bef1ad344,s***********h@gmail.com,gmail.com,+91-92****1137,M,31,25-34
P1900,c7b474acce2a5ad1,82e344679f33d6cc,r*******r@hotmail.com,hotmail.com,+91-77****5959,F,40,35-44
P1901,30e23f40b6bde730,43f1ea5be983d7d3,a*********l@hotmail.com,hotmail.com,+91-76****1415,F,36,35-44
P1902,5786b090d0d2af35,2bd45da73c749c78,v***********i@hotmail.com,hotmail.com,+91-61****9511,M,24,18-24
P1903,4cd75541b509966b,fcd174ea55afb5fa,a********r@yahoo.com,yahoo.com,+91-77****3742,F,6,0-12
P1904,c56e1da982a6b452,eb1b7ba2366bb8ac,s************1@rediffmail.com,rediffmail.com,+91-87****4283,F,66,65+
P1905,9c429f288900f485,987c46e84b516174,v***********i@outlook.com,outlook.com,+91-78****8747,M,84,65+
P1906,ea75441e9252563f,084ec5178ad981ab,s*************2@hotmail.com,hotmail.com,+91-85****5484,F,75,65+
P1907,bbd9713e89cc4bf2,045fa455540a7d6b,s********a@outlook.com,outlook.com,+91-74****5498,F,4,0-12
P1908,337431ba992e7b13,06bcb0acf0305faf,a***********a@rediffmail.com,rediffmail.com,+91-65****6016,F,79,65+
P1909,10f20610aae7dffd,20f5b9885e8a8ea3,a***************e@rediffmail.com,rediffmail.com,+91-67****1903,M,6,0-12
P1910,f247f9e541ad783c,f1b116a3de98fd61,k*************1@hotmail.com,hotmail.com,+91-63****4444,F,51,45-54
P1911,7895d67721cc7df0,70f7783477ca1d97,s************2@rediffmail.com,rediffmail.com,+91-84****7962,F,62,55-64
P1912,4350ef7796265f31,7f2e64f1b7a7f4ae,d***********i@gmail.com,gmail.com,+91-99****5867,F,57,55-64
P1913,77f319d658f07af8,9be1e8081f674d18,a**********1@hotmail.com,hotmail.com,+91-85****6118,F,66,65+
P1914,78d8c941939f3ce8,ae2cbbd4bcbfffb5,d***********e@gmail.com,gmail.com,+91-73****3248,M,79,65+
P1915,22229db5144acb86,172fcde65767227d,s*******l@outlook.com,outlook.com,+91-77****4209,M,75,65+
P1916,48df6498cb25c885,0d4ecbaeecb5cc9b,m*******1@gmail.com,gmail.com,+91-69****4295,F,8,0-12
P1917,a45686f97ba310a4,a1b400b318b94d14,k***********a@gmail.com,gmail.com,+91-87****9920,F,26,25-34
P1918,7a0cf0aa2aa6f7fd,9659825421cd1604,a**********h@gmail.com,gmail.com,+91-92****2308,M,51,45-54
P1919,d2a5bb31b6a9cf85,1a3c98c50692d2e1,a********r@rediffmail.com,rediffmail.com,+91-79****8262,M,45,45-54
P1920,b2a64cb404ec91db,0599f30d3cf267b4,r*************l@outlook.com,outlook.com,+91-62****5140,F,44,35-44
P1921,9493755aa2ad5deb,ec07aa4612efd8cc,i****************1@hotmail.com,hotmail.com,+91-92****6961,M,5,0-12
P1922,900b8462a92cd5d5,f9e6a1dc5da0510c,a***********1@outlook.com,outlook.com,+91-95****6172,F,70,65+
P1923,468d3c4c84755cde,f1021b0347959410,s*******a@rediffmail.com,rediffmail.com,+91-76****8545,M,26,25-34
P1924,7d99a4bd109855ba,4617656a9ae2b438,a*********y@outlook.com,outlook.com,+91-76****7670,M,68,65+
P1925,6eb124dc0cdf090a,4d19d4f2a9443eec,d********u@outlook.com,outlook.com,+91-62****2816,M,19,18-24
P1926,2a951b7fddaf9bbb,3f9c28f78d6f97fe,k**********r@outlook.com,outlook.com,+91-67****6858,M,84,65+
P1927,0284cc511e65b9f2,c56cad3d1a503b3c,s*******y@gmail.com,gmail.com,+91-94****2199,F,20,18-24
P1928,878406f3f955781b,769c5d7fafd0304d,s*************l@gmail.com,gmail.com,+91-62****8473,M,12,0-12
P1929,0368f3ffee90a4e7,8146b77982060ef0,a**********a@hotmail.com,hotmail.com,+91-87****3649,M,47,45-54
P1930,9554cf5a46b4c1f5,4dadf6086420b105,v**********a@gmail.com,gmail.com,+91-66****5834,F,1,0-12
P1931,c5d7f1149ffbb5ef,2e8f84f2c73a747e,a*********a@hotmail.com,hotmail.com,+91-88****0209,M,14,13-17
P1932,c91b2f267db7e7d9,ec436369debab15f,i*******a@outlook.com,outlook.com,+91-97****2108,M,64,55-64
P1933,c255bf8b30f6b904,0fbfd821e73094f5,i******n@yahoo.com,yahoo.com,+91-84****9456,F,38,35-44
P1934,23d9aa2b6cabe3ec,fcaf25d1ec5be7de,s************1@rediffmail.com,rediffmail.com,+91-92****6116,M,37,35-44
P1935,422e857cdcf02fb3,6f47c91dfa5b0e20,m***********i@yahoo.com,yahoo.com,+91-96****7747,F,11,0-12
P1936,7d5c43ce157f9c83,f1d79d409bb6f87c,r********a@outlook.com,outlook.com,+91-74****0123,F,77,65+
P1937,b720858c849010ff,08ffa93b6c55c619,a**********1@outlook.com,outlook.com,+91-87****5036,F,3,0-12
P1938,362770bca614f046,083b1faf981c965c,r***********i@outlook.com,outlook.com,+91-65****0771,F,33,25-34
P1939,23170618c4a7df85,abb808f295aa8619,r************a@outlook.com,outlook.com,+91-74****8439,M,6,0-12
P1940,0b33aaf4511c45d0,e5f3e8c1f3287d11,r************1@outlook.com,outlook.com,+91-79****9762,F,50,45-54
P1941,955bb04137814f4c,94143515fceb8f31,r********u@gmail.com,gmail.com,+91-83****3602,M,10,0-12
P1942,8cc4ca0daea4f268,6e75d7232c92d57b,r*********i@hotmail.com,hotmail.com,+91-99****1910,M,5,0-12
P1943,687ad76a962bcbac,533cc7ab362a1a1f,s***********u@gmail.com,gmail.com,+91-64****7550,M,23,18-24
P1944,b1438123a6533e58,9d06318c293859c5,r*********1@gmail.com,gmail.com,+91-84****7555,M,10,0-12
P1945,d0ea7c7544d8df58,d1618010f061f742,r********a@rediffmail.com,rediffmail.com,+91-76****5227,M,44,35-44
P1946,db55b509b7dd2738,2b2c7e64bd250be7,a***********1@yahoo.com,yahoo.com,+91-91****1106,M,2,0-12
P1947,f0c888d910ca2027,4cad4bf909352bdd,m*************a@gmail.com,gmail.com,+91-96****1380,M,13,13-17
P1948,c1d74da5d714b29b,cb666181f1b74265,i**********a@hotmail.com,hotmail.com,+91-75****0378,M,40,35-44
P1949,6fb49fac5cbf8122,4355f7f780bea145,s**********h@hotmail.com,hotmail.com,+91-84****1333,M,2,0-12
P1950,bacf3f02b0f0fbe6,14e77e248f1eb1ea,a*********a@gmail.com,gmail.com,+91-65****3480,M,84,65+
P1951,7d9e4816a40a0a4d,1c004abfd30ad1eb,v*************e@outlook.com,outlook.com,+91-76****8785,F,65,65+
P1952,d851790499047a13,c21ec2842663e5d8,m******s@yahoo.com,yahoo.com,+91-96****4596,F,63,55-64
P1953,6c9f2beacfc4a23b,be103133d7e2baa2,k*********1@outlook.com,outlook.com,+91-95****7590,F,73,65+
P1954,fd6dacef55f34337,736c4dac68da6e75,a***********l@outlook.com,outlook.com,+91-62****1181,M,17,13-17
P1955,eedf22b40de6a633,61c91badf5cec906,a*******s@rediffmail.com,rediffmail.com,+91-83****2059,F,9,0-12
P1956,0f4351b03b26488a,40a2ff34022fb4c4,a*********1@rediffmail.com,rediffmail.com,+91-92****9395,F,75,65+
P1957,f08618d6a83e9ef1,8aed95a5f2da35b8,i**********a@rediffmail.com,rediffmail.com,+91-67****7845,F,15,13-17
P1958,562c6f1318f030a8,2156de58eaf970f5,a*********h@rediffmail.com,rediffmail.com,+91-75****2887,M,24,18-24
P1959,1c2e434c4c8f6cf1,738577cee4d998bb,s******n@outlook.com,outlook.com,+91-79****0101,M,38,35-44
P1960,b32d1447167f6195,83a7db1cf3cdb20c,k**********a@hotmail.com,hotmail.com,+91-71****8616,M,35,35-44
P1961,8754c257aa5336a0,4b4e82a8a48c62bd,m***********r@hotmail.com,hotmail.com,+91-66****2800,M,49,45-54
P1962,3856298983e65002,b4b0fbfea05d20f4,k***********h@hotmail.com,hotmail.com,+91-93****6149,F,69,65+
P1963,d96ba3a36675118a,2834360d6e7c8e51,s*********i@outlook.com,outlook.com,+91-79****4685,F,62,55-64
P1964,8c96546828f1b2ca,b390a5bc9e01c712,s***********a@gmail.com,gmail.com,+91-63****2580,F,60,55-64
P1965,36c9e8569f66d50e,61793140be9b3413,a************e@hotmail.com,hotmail.com,+91-97****1852,F,50,45-54
P1966,c651d3085f28d318,f19e79a55e3c6f9e,r********h@gmail.com,gmail.com,+91-98****9106,M,78,65+
P1967,1ff7dfde23016ab9,679158dde4f25db0,a*********r@yahoo.com,yahoo.com,+91-65****5591,M,75,65+
P1968,39f97b36bcbcc21a,bdf31045dba150b2,s************1@gmail.com,gmail.com,+91-77****9607,M,9,0-12
P1969,cc036958df59f656,1f8b4a868c29ab2e,s****************e@gmail.com,gmail.com,+91-92****3752,F,34,25-34
P1970,24c224ca1c41e6de,acf64a3ede42aa38,v**********a@yahoo.com,yahoo.com,+91-65****4153,M,76,65+
P1971,ca48012e6c637a48,eec1ee102d9e91de,v***********1@yahoo.com,yahoo.com,+91-78****1620,M,35,35-44
P1972,8bdb54854304defe,454acd6a2056ed72,a***********2@gmail.com,gmail.com,+91-85****4025,F,1,0-12
P1973,9cf57d2cd2f67896,5bc69b4ed115af47,k***********1@yahoo.com,yahoo.com,+91-67****4480,F,40,35-44
P1974,cd684950e38a529b,bdd507d8565105b6,k***********1@gmail.com,gmail.com,+91-73****6098,M,64,55-64
P1975,6d098a93f1f5703e,d30b1a5fe12a0027,r********l@gmail.com,gmail.com,+91-89****0408,M,22,18-24
P1976,836139bd3ddfdcf7,23b2a45d35c65b4b,r**********n@hotmail.com,hotmail.com,+91-62****6986,M,60,55-64
P1977,cb9f3d1054af4742,23e9949e2ba3734d,s************2@outlook.com,outlook.com,+91-91****3412,M,64,55-64
P1978,0f8e7fa1de7fac4b,45186141173bbe7c,v***********a@hotmail.com,hotmail.com,+91-97****1192,M,72,65+
P1979,847673f7811cc815,5a8c1e97028f72b1,k*********a@yahoo.com,yahoo.com,+91-64****0295,M,11,0-12
P1980,7a47822d352bd1d9,7ebaa9274bfb92d1,a*********h@hotmail.com,hotmail.com,+91-76****7212,F,14,13-17
P1981,af623d2383cfa6cf,f8e9cb205fede5c4,d********a@yahoo.com,yahoo.com,+91-84****8818,F,60,55-64
P1982,77ec4e7418949dde,063a95ece9fcfd15,a*********2@yahoo.com,yahoo.com,+91-79****3389,F,30,25-34
P1983,4d08945614444e8d,2f7873e992792331,m***********n@outlook.com,outlook.com,+91-63****8137,M,35,35-44
P1984,c1b1a29c91ec14a7,029b332ae3e78524,i***********1@hotmail.com,hotmail.com,+91-93****8650,F,85,65+
P1985,1211666e9df6afbf,f25d2e266a3fea85,a*********r@outlook.com,outlook.com,+91-61****0578,M,37,35-44
P1986,7e09e6bab44a4597,2717f594da520c7e,d*******n@gmail.com,gmail.com,+91-89****8394,M,5,0-12
P1987,e13328c9573fe87c,81e2445d3a4bce38,s**********l@gmail.com,gmail.com,+91-75****1041,F,83,65+
P1988,aea801474195a221,577fdceb51673d04,k********r@hotmail.com,hotmail.com,+91-95****6243,M,78,65+
P1989,2a91675e8dd0b649,beb3e5c403196616,r****************e@outlook.com,outlook.com,+91-78****2352,M,26,25-34
P1990,bc6e8acad7653fe9,14c8b228bc2fa134,a***********l@yahoo.com,yahoo.com,+91-67****8953,F,62,55-64
P1991,2059f3fc44fec46a,2e94edabcfa34461,a**********a@rediffmail.com,rediffmail.com,+91-68****5354,F,4,0-12
P1992,7cc4f42dfa08c4f9,e214f016ca78103b,d********h@hotmail.com,hotmail.com,+91-71****9636,F,89,65+
P1993,5d71694b933e37b4,59cc344682cb8a4a,m*************1@rediffmail.com,rediffmail.com,+91-74****0435,M,42,35-44
P1994,336b0a0929a227fe,1e3e14770490b235,d************1@hotmail.com,hotmail.com,+91-74****8553,F,89,65+
P1995,3f7e5e77e7aa417d,252ea062c5f62579,a**********1@gmail.com,gmail.com,+91-92****0502,F,18,18-24
P1996,3f1f53a95963dfbb,d185cccad0e5b21e,i******r@gmail.com,gmail.com,+91-72****9487,M,40,35-44
P1997,7ba657fc06069bc1,42f27d602fd04ecd,a**********y@rediffmail.com,rediffmail.com,+91-97****0262,F,72,65+
P1998,a6e8137800d7504e,32cbac366cfa2045,s**************i@gmail.com,gmail.com,+91-84****9851,F,39,35-44
P1999,7195773d341c81e4,ee39d1dd1271a23b,a************2@yahoo.com,yahoo.com,+91-97****9290,F,14,13-17
